date,resPropPrice,fx,dsrPnfs,dsrHousehold,dsrNfc,policyRate,financialStressIndex,bankCreditPnfs_yoy_L1,totalCreditPnfsLCY_yoy_L1,totalCreditPnfs2GDP_yoy_L1,bankCreditPnfs_yoy_L2,totalCreditPnfsLCY_yoy_L2,totalCreditPnfs2GDP_yoy_L2,cpi_yoy_L1,fx_std,is_systemic_crisis,EAtermspread,USpolicyRate,UStermSpread
1948-07-01,,,,,,5.0,,,,,,,,,,0.0,,,
1948-10-01,,,,,,5.0,,,,,,,,,,0.0,,,
1949-01-01,,,,,,5.0,,,,,,,,,,0.0,,,
1949-04-01,,,,,,4.803191489361702,,,,,,,,,,0.0,,,
1949-07-01,,,,,,4.068421052631579,,,,,,,,,,0.0,,,
1949-10-01,,,,,,4.0,,,,,,,,,,0.0,,,
1950-01-01,,,,,,4.0,,133.813672922252,133.812472357364,,,,,,,0.0,,,
1950-04-01,,,,,,4.0,,125.70558937465417,125.73046018991968,,133.813672922252,133.812472357364,,-7.321533666666667,,0.0,,,
1950-07-01,,,,,,4.0,,102.66317397948046,102.67934312878133,,125.70558937465417,125.73046018991968,,-7.332302333333334,,0.0,,,
1950-10-01,,,,,,5.4526315789473685,,88.85361552028219,88.83975328755965,,102.66317397948046,102.67934312878133,,-5.631673333333333,,0.0,,,
1951-01-01,,,,,,6.0,,77.05317471692703,77.05476212995363,,88.85361552028219,88.83975328755965,,-4.441141333333333,,0.0,,,
1951-04-01,,,,,,6.0,,58.75934779943606,58.75738208882775,,77.05317471692703,77.05476212995363,,2.4963073333333337,,0.0,,,
1951-07-01,,,,,,6.0,,45.50840155105558,45.50106609808103,,58.75934779943606,58.75738208882775,,8.028597333333334,,0.0,,,
1951-10-01,,,,,,6.0,,36.6828539409787,36.685770629198245,,45.50840155105558,45.50106609808103,,9.196410666666669,,0.0,,,
1952-01-01,,,,,,6.0,,28.827005585687694,28.82478632478633,,36.6828539409787,36.685770629198245,,10.773619666666669,,0.0,,,
1952-04-01,,,,,,5.627659574468085,,32.65637065637066,32.65898899306971,,28.827005585687694,28.82478632478633,,7.619150333333333,,0.0,,,
1952-07-01,,,,,,4.773684210526316,,30.646235842771485,30.6467370066432,,32.65637065637066,32.65898899306971,,2.0217743333333336,,0.0,,,
1952-10-01,,,,,,4.5,,29.49576386990982,29.49954914337241,,30.646235842771485,30.6467370066432,,0.7370696666666667,,0.0,,,
1953-01-01,,,,,,4.037634408602151,,30.199824054291824,30.199867308011275,,29.49576386990982,29.49954914337241,,-1.5353153333333331,,0.0,,,
1953-04-01,,,,,,3.888297872340425,,27.78392223063044,27.78780778243,,30.199824054291824,30.199867308011275,,-2.047518,,0.0,,,
1953-07-01,,2.147426,,,,3.5,,31.1009122329877,31.103716443580343,,27.78392223063044,27.78780778243,,-1.3512643333333332,,0.0,,,
1953-10-01,,2.147426,,,,3.5,,29.92666068696248,29.92027295198969,,31.1009122329877,31.103716443580343,,-1.4609496666666668,,0.0,,,
1954-01-01,,2.147426,,,,3.5,,25.60328185328185,25.60591101627441,,29.92666068696248,29.92027295198969,,-2.1829566666666667,,0.0,,,
1954-04-01,,2.14744375,,,,3.265957446808511,,24.243804664723022,24.243244055670772,,25.60328185328185,25.60591101627441,,-1.4606476666666666,1.7750000000112582e-05,0.0,,,
1954-07-01,,2.146318049382716,,,,3.0,,22.262079695738613,22.25866248395836,,24.243804664723022,24.243244055670772,,-0.316456,0.0011139929900184,0.0,,1.015252525252525,
1954-10-01,,2.147052725,,,,3.0,,21.6,21.59873516091861,,22.262079695738613,22.25866248395836,,0.5331703333333334,0.0010530993228674,0.0,,0.9913131313131314,
1955-01-01,,2.148371833333333,,,,3.0,,24.092219020172934,24.092902964071094,,21.6,21.59873516091861,,1.806366666666667,0.0017106786837879,0.0,,1.3518556701030928,
1955-04-01,,2.153155810810811,,,,3.0,,-9.019579086309305,24.213684312397188,,24.092219020172934,24.092902964071094,,1.830199,0.0061478153800134,0.0,,1.5094897959183675,
1955-07-01,,2.154775595238095,,,,3.309278350515464,,-8.490932871434131,25.00116631677165,,-9.019579086309305,24.213684312397188,,1.190476,0.0074195403395901,0.0,,1.929090909090909,
1955-10-01,,2.1552022222222225,,,,3.5,,-9.125367352391123,24.15320536835841,,-8.490932871434131,25.00116631677165,,1.898734,0.0062594550148977,0.0,,2.3545454545454545,
1956-01-01,,2.1554317307692306,,,,3.7604166666666665,,-10.834494503793158,21.818107517214603,,-9.125367352391123,24.15320536835841,,2.116254,0.0020539808100966,0.0,,2.4835714285714285,
1956-04-01,,2.151933054794521,,,,4.96875,,20.121705488836938,20.200623295675868,,-10.834494503793158,21.818107517214603,,2.112081,0.0032492780742641,0.0,,2.6933673469387758,
1956-07-01,,2.1431847375,,,,5.365979381443299,,19.84973152547611,19.6741807867433,,20.121705488836938,20.200623295675868,,3.68634275,0.0114589514076777,0.0,,2.8076767676767678,
1956-10-01,,2.144921875,,,,5.0,,17.040589456663536,16.83973232511493,,19.84973152547611,19.6741807867433,,2.5623775,0.0115671084011695,0.0,,2.934848484848485,
1957-01-01,,2.147956743589744,,,,4.5,,13.706764828448392,13.556081115080756,,17.040589456663536,16.83973232511493,,1.84191525,0.0076703077853368,0.0,,2.937216494845361,
1957-04-01,,2.1481984246575343,,,,4.5,,12.203509242795318,12.08536565604188,,13.706764828448392,13.556081115080756,,2.07364125,0.004862487788567,0.0,,3.0,
1957-07-01,,2.1479154939759035,,,,4.43298969072165,,10.033681971281696,10.093402566621435,,12.203509242795318,12.08536565604188,,1.362263,0.003111704818259,0.0,,3.220909090909091,
1957-10-01,,2.1481007848101266,,,,4.0,,10.020880104243512,10.093582887700547,,10.033681971281696,10.093402566621435,,2.7254555,0.0002612630513121,0.0,,3.26010101010101,
1958-01-01,,2.148360474358974,,,,3.5894736842105264,,10.608374309012625,10.63499800593788,,10.020880104243512,10.093582887700547,,2.33639425,0.0003722106538136,0.0,,1.85340206185567,
1958-04-01,,2.144033666666667,,,,3.473958333333333,,10.623570392740223,10.623256082927313,,10.608374309012625,10.63499800593788,,2.999423,0.004108165728323,0.0,,0.8891836734693878,
1958-07-01,,2.1420469523809524,,,,3.0,,11.00077624968876,10.895983230411876,,10.623570392740223,10.623256082927313,,3.2085522500000003,0.006212531259784,0.0,,1.275050505050505,
1958-10-01,,2.1389429620253164,,,,3.0,,11.024543378995457,10.891703924490814,,11.00077624968876,10.895983230411876,,1.251521,0.0078902561566828,0.0,,2.1405050505050505,
1959-01-01,,2.1369385857142857,,,,2.776315789473684,,11.812295500669578,11.619337525533702,,11.024543378995457,10.891703924490814,,1.0307135,0.0063232420915401,0.0,,2.574123711340206,
1959-04-01,,2.137389391891892,,,,2.75,,11.781877153861744,11.586967601970798,,11.812295500669578,11.619337525533702,,0.1457725,0.0046208717288631,0.0,,3.061224489795918,
1959-07-01,,2.138461234567901,,,,2.8221649484536084,,12.848999841663588,12.760386732569584,,11.781877153861744,11.586967601970798,,-0.28797725,0.0018559542345595,0.0,,3.547979797979798,
1959-10-01,,2.134077194805195,,,,3.762886597938144,,15.29702079531139,15.266111671084223,,12.848999841663588,12.760386732569584,,1.38894875,0.0037438191097763,0.0,,3.992424242424242,
1960-01-01,,2.1322190526315787,,,,4.0,,17.655484078084662,17.576910195684437,,15.29702079531139,15.266111671084223,,2.1861825,0.0057876085053804,0.0,,3.936224489795918,
1960-04-01,,2.132087,,,,4.302083333333333,,18.760049810791536,18.68053359568065,,17.655484078084662,17.576910195684437,,2.0348835000000003,0.0059510926697392,0.0,,3.7066326530612246,
1960-07-01,,2.1320888888888887,,,,5.0,,19.03514720669739,18.953878216745213,,18.760049810791536,18.68053359568065,,2.249137,0.0019494710549602,0.0,,2.9545454545454546,
1960-10-01,,2.1327163375,,,,4.4646464646464645,,17.23815044366166,17.128545056083944,,19.03514720669739,18.953878216745213,,1.29228025,0.0005976157501345,0.0,,2.310606060606061,
1961-01-01,,2.1040131351351348,,,,3.608247422680413,,3.076288025074869,12.42535529354316,,17.23815044366166,17.128545056083944,,0.914952,0.0282904779287263,0.0,,2.0168041237113403,
1961-04-01,,2.030462833333333,,,,3.1989795918367347,,4.010994604499651,12.968134763601192,,3.076288025074869,12.42535529354316,,1.652273,0.0962735627329392,0.0,,1.6811224489795915,
1961-07-01,,2.0398088656716418,,,,3.0,,3.906776941765066,13.621907790748612,,4.010994604499651,12.968134763601192,,1.7587886,0.0992146405440319,0.0,,1.6792929292929293,
1961-10-01,,2.0448815,,,,3.0,,3.578899326817031,13.950873312134204,,3.906776941765066,13.621907790748612,,2.6078418,0.066706729481052,0.0,,2.361111111111111,
1962-01-01,,2.0436762424242425,,,,3.0,,14.305398122569212,15.906725905549578,5.747126436781613,3.578899326817031,13.950873312134204,,2.6596886,0.0130637069332977,0.0,,2.435567010309278,
1962-04-01,,2.0434828666666665,,,,3.0,,12.005481060976807,14.606810280063588,5.374592833876224,14.305398122569212,15.906725905549578,5.747126436781613,3.2492996,0.0043830248495968,0.0,,2.6096938775510203,
1962-07-01,,2.042278727272727,,,,3.0,,11.68930203245626,14.1358272995441,5.128205128205132,12.005481060976807,14.606810280063588,5.374592833876224,3.4612902,0.0021310123852214,0.0,,2.840909090909091,
1962-10-01,,2.04686068115942,,,,3.0,,10.981371325059364,13.414111347477586,3.937007874015741,11.68930203245626,14.1358272995441,5.128205128205132,2.5414366,0.003915140554666,0.0,,2.928181818181818,
1963-01-01,,2.045851953846154,,,,3.0,,11.008580505329402,13.325578490459966,4.192546583850909,10.981371325059364,13.414111347477586,3.937007874015741,2.4807238,0.0042131515064744,0.0,,2.968144329896908,
1963-04-01,,2.038511841269841,,,,3.0,,11.059456814289192,13.077480086893557,4.945904173106652,11.008580505329402,13.325578490459966,4.192546583850909,3.1467336,0.0075839653359687,0.0,,2.9670408163265303,
1963-07-01,,2.0360472916666668,,,,3.0,,11.133995023219343,12.838115656847492,5.640243902439024,11.059456814289192,13.077480086893557,4.945904173106652,3.0188678,0.0107040912497716,0.0,,3.328686868686869,
1963-10-01,,2.032980188405797,,,,3.0,,10.694355603590887,12.130656491816127,5.606060606060614,11.133995023219343,12.838115656847492,5.640243902439024,2.3173498,0.0109813676926972,0.0,,3.452222222222222,
1964-01-01,,2.0320421129032256,,,,3.0,,10.637410133515912,12.037668519781477,5.514157973174361,10.694355603590887,12.130656491816127,5.606060606060614,3.2810490000000003,0.0059121101219356,0.0,,3.4618367346938776,
1964-04-01,,2.031928212121212,,,,3.0,,9.839591267218516,11.726838869715262,3.092783505154628,10.637410133515912,12.037668519781477,5.514157973174361,2.4208096,0.003847726981927,0.0,,3.4887755102040816,
1964-07-01,,2.0324255833333336,,,,3.0,,9.641288619227751,11.784150285331329,2.4531024531024626,9.839591267218516,11.726838869715262,3.092783505154628,1.989138,0.0009489691987305,0.0,,3.452020202020202,
1964-10-01,,2.0328044857142857,,,,3.0,,10.15681820446146,12.292016486032708,2.7259684361549352,9.641288619227751,11.784150285331329,2.4531024531024626,2.6857382000000003,0.0007958299251756,0.0,,3.5798989898989904,
1965-01-01,,2.0337382153846155,,,,3.381443298969072,,9.938596915341114,12.1634334552833,2.259887005649719,10.15681820446146,12.292016486032708,2.7259684361549352,2.18713,0.0015307695624856,0.0,,3.9788659793814434,
1965-04-01,,2.037932696969697,,,,3.5,,10.693136449597862,12.692685928723568,3.571428571428581,9.938596915341114,12.1634334552833,2.259887005649719,2.0544458,0.0050648773616521,0.0,,4.083061224489796,
1965-07-01,,2.049865,,,,3.757575757575758,,10.55319897751268,12.73349593401283,3.3802816901408628,10.693136449597862,12.692685928723568,3.571428571428581,2.8737726,0.0156873437615227,0.0,,4.0798989898989895,
1965-10-01,,2.0465615555555554,,,,4.0,,9.92307727093895,12.270744831492486,2.793296089385477,10.55319897751268,12.73349593401283,3.3802816901408628,3.846154,0.0149427207723136,0.0,,4.172929292929293,
1966-01-01,,2.052042121212121,,,,4.0,,9.668141398327055,11.85251374597762,2.4861878453038555,9.92307727093895,12.270744831492486,2.793296089385477,4.0270684,0.012404328685861,0.0,,4.561340206185567,
1966-04-01,,2.051784369230769,,,,4.377551020408164,,9.481118440637305,11.665158710188608,2.4827586206896517,9.668141398327055,11.85251374597762,2.4861878453038555,4.0765644000000005,0.0050569226116311,0.0,,4.906020408163266,
1966-07-01,,2.040551917808219,,,,5.0,,9.22913882873333,10.921380108020994,2.588555858310615,9.481118440637305,11.665158710188608,2.4827586206896517,4.2409496,0.0108272696429509,0.0,,5.416969696969697,
1966-10-01,,2.033521846153846,,,,5.0,,8.671021993302407,10.064374867567372,2.1739130434782705,9.22913882873333,10.921380108020994,2.588555858310615,3.1111114,0.0181126237759041,0.0,,5.565656565656566,
1967-01-01,,2.0323034615384614,,,,4.304123711340206,,7.194129205598121,8.283751065977896,1.7520215633423095,8.671021993302407,10.064374867567372,2.1739130434782705,2.8412602,0.0178711767751189,0.0,,4.793814432989691,
1967-04-01,,2.033348435483871,,,,3.311224489795918,,5.675374266540056,6.282602025161088,1.8842530282638048,7.194129205598121,8.283751065977896,1.7520215633423095,2.5630824,0.0075709004038626,0.0,,3.9992857142857146,
1967-07-01,,2.045684925373134,,,,3.0,,4.619467261836308,5.062448502679029,2.257636122177953,5.675374266540056,6.282602025161088,1.8842530282638048,1.770335,0.0126727996922533,0.0,,3.879292929292929,
1967-10-01,,2.04155175,,,,3.0,,4.76053469417117,5.0535608696249845,3.856382978723394,4.619467261836308,5.062448502679029,2.257636122177953,1.8197884,0.0129389962887032,0.0,,4.16959595959596,
1968-01-01,,2.044411409090909,,,,3.0,,6.069357674609988,6.459672309224218,5.033112582781452,4.76053469417117,5.0535608696249845,3.856382978723394,1.336202,0.0110868596300828,0.0,,4.789591836734694,
1968-04-01,,2.038188761904762,,,,3.0,,6.89836481270858,7.34031035727174,5.019815059445176,6.069357674609988,6.459672309224218,5.033112582781452,1.461598,0.0066609840659261,0.0,,5.979081632653061,
1968-07-01,,2.044892694444444,,,,3.0,,7.719968329838878,8.580277546390658,4.415584415584428,6.89836481270858,7.34031035727174,5.019815059445176,1.3165426,0.0061791297639131,0.0,,5.945353535353536,
1968-10-01,,2.036848,,,,3.0,,8.35049832686483,9.397525175838185,2.94494238156211,7.719968329838878,8.580277546390658,4.415584415584428,1.270263,0.0083189661488716,0.0,,5.903737373737374,
1969-01-01,,2.052022888888889,,,,3.0,,10.386408684672777,11.933064639559207,3.783102143757877,8.35049832686483,9.397525175838185,2.94494238156211,1.6451809999999998,0.0139517914943526,0.0,,6.509896907216495,
1969-04-01,,2.0469278571428573,,,,3.928571428571429,,11.4768509474507,13.682591447014511,3.5220125786163514,10.386408684672777,11.933064639559207,3.783102143757877,1.533265,0.0126166396745638,0.0,,8.289795918367346,
1969-07-01,,2.0384031142857144,,,,5.212121212121212,,11.607395031186927,13.655190425084784,2.487562189054726,11.4768509474507,13.682591447014511,3.5220125786163514,1.9489556,0.0143576692951606,0.0,,8.972323232323232,
1969-10-01,,1.8968024492753623,,,,6.0,,12.153391543320646,14.147316193773277,2.363184079601988,11.607395031186927,13.655190425084784,2.487562189054726,2.0901094,0.1494053771255549,0.0,,8.887676767676767,
1970-01-01,118.9989,1.8831407049180329,,,,6.371134020618556,0.07554,15.841754983497491,15.3653904588271,2.916160388821387,12.153391543320646,14.147316193773277,2.363184079601988,1.989274,0.1768053052701355,0.0,,8.49938144329897,
1970-04-01,123.27,1.8600883787878788,,,,7.5,0.10604,15.414752600418025,14.502975860411826,1.8226002430133723,15.841754983497491,15.3653904588271,2.916160388821387,2.929191,0.1612650871085158,0.0,,7.882755102040816,
1970-07-01,124.339,1.8566152777777776,,,,7.085858585858586,0.10064,15.830040489779984,14.855306620709465,1.3349514563106624,15.414752600418025,14.502975860411826,1.8226002430133723,3.3682954,0.0382824826747728,0.0,,6.698686868686869,
1970-10-01,124.7133,1.8589155285714287,,,,6.616161616161616,0.0587599999999999,14.827194490207374,14.103921424752874,0.6075334143377908,15.830040489779984,14.855306620709465,1.3349514563106624,3.503313400000001,0.0247695805103736,0.0,,5.577474747474748,
1971-01-01,125.7255,1.857594047619048,,,,6.0,0.06502,9.97503895853158,11.554188862623205,-1.2987012987013102,14.827194490207374,14.103921424752874,0.6075334143377908,3.945319,0.0030361791921809,0.0,,3.850824742268041,
1971-04-01,129.8376,1.8261045714285715,,,,5.0,0.06414,9.517005400950062,11.07437803074818,-1.7899761336515496,9.97503895853158,11.554188862623205,-1.2987012987013102,4.2678824,0.0316598835401793,0.0,,4.551020408163265,
1971-07-01,130.5305,1.750598076923077,,,,5.0,0.07232,10.623210074123968,10.872317479172857,-0.8383233532934131,9.517005400950062,11.07437803074818,-1.7899761336515496,4.9756498,0.1015741619385628,0.0,,5.473535353535354,
1971-10-01,129.7476,1.6918204705882351,,,,4.525252525252525,0.10192,14.414685057518906,12.484918637196008,0.9661835748792312,10.623210074123968,10.872317479172857,-0.8383233532934131,5.758242,0.1495647698657398,0.0,,4.749292929292929,
1972-01-01,129.7109,1.634253106060606,,,,3.612244897959184,0.02908,16.344603253822743,13.388799036679377,2.2727272727272707,14.414685057518906,12.484918637196008,0.9661835748792312,5.760006199999999,0.1641598772791758,0.0,,3.526530612244898,
1972-04-01,131.4522,1.6234663484848486,,,,3.0,0.02808,18.736151513275946,14.172605829486894,3.645200486026723,16.344603253822743,13.388799036679377,2.2727272727272707,5.4166618,0.1172690314807713,0.0,,4.302142857142857,
1972-07-01,131.0397,1.6262393384615383,,,,3.0,0.02672,18.727127363406648,14.88517657009938,4.710144927536231,18.736151513275946,14.172605829486894,3.645200486026723,4.9499048000000005,0.0644862684136236,0.0,,4.734545454545454,
1972-10-01,129.8337,1.6375672096774194,,,,3.919191919191919,0.0500199999999999,15.35444121015679,13.74910503548552,3.947368421052655,18.727127363406648,14.88517657009938,4.710144927536231,5.3613236,0.0132464123316389,0.0,,5.136161616161616,
1973-01-01,128.8482,1.53609821875,,,,4.93298969072165,0.0911,15.580876995572355,14.305049805696624,4.093567251461994,15.35444121015679,13.74910503548552,3.947368421052655,6.1464928,0.0937895020815405,0.0,,6.534226804123712,
1973-04-01,132.1882,1.3995453333333332,,,,5.928571428571429,0.14492,19.45997226884624,15.453508620075173,4.572098475967179,15.580876995572355,14.305049805696624,4.093567251461994,6.3910496000000006,0.2200310389801131,0.0,,7.817755102040816,
1973-07-01,132.1987,1.22456328125,,,,7.0,0.40674,25.119597566963627,14.994269502710631,3.2295271049596286,19.45997226884624,15.453508620075173,4.572098475967179,7.1537848,0.3576972840194655,0.0,,10.553232323232322,
1973-10-01,129.7299,1.2972199850746269,,,,7.0,0.45326,24.953838969132438,15.008448250278803,2.9919447640966323,25.119597566963627,14.994269502710631,3.2295271049596286,7.1022486,0.2702663565083079,0.0,,10.035353535353536,
1974-01-01,129.4368,1.389649238095238,,,,7.0,0.37614,16.49775635884827,12.894851896382107,1.2359550561797494,24.953838969132438,15.008448250278803,2.9919447640966323,7.0324878,0.1655925367889827,0.0,,9.344845360824742,
1974-04-01,132.5986,1.281456542857143,,,,7.0,0.37444,12.815916611977606,10.856967713767853,0.5605381165919354,16.49775635884827,12.894851896382107,1.2359550561797494,7.452887800000001,0.1369507517343808,0.0,,11.243265306122447,
1974-07-01,132.6047,1.3328860694444444,,,,7.0,0.34798,4.670488528807315,9.97767657064319,0.893854748603351,12.815916611977606,10.856967713767853,0.5605381165919354,7.1624994,0.0959799203339215,1.0,,12.127474747474746,
1974-10-01,130.0796,1.2969063636363636,,,,6.565656565656566,0.51318,2.6677093785970607,9.268981935244902,0.893854748603351,4.670488528807315,9.97767657064319,0.893854748603351,6.924493200000001,0.0961027050923323,1.0,,9.33939393939394,
1975-01-01,128.1796,1.1952873,,,,5.582474226804123,0.41398,10.645171618852457,8.3508814393481,0.8879023307436729,2.6677093785970607,9.268981935244902,0.893854748603351,6.72242,0.1167093630329405,0.0,,6.257319587628866,
1975-04-01,127.2637,1.2041284307692308,,,,4.790816326530612,0.22808,7.848685645682085,7.187966814058067,0.557413600891854,10.645171618852457,8.3508814393481,0.8879023307436729,5.9452852,0.1364048320436635,0.0,,5.472755102040817,
1975-07-01,126.3972,1.2982026805555555,,,,4.151515151515151,0.15468,7.457216268453681,6.118552039711389,0.5537098560354448,7.848685645682085,7.187966814058067,0.557413600891854,6.1950778,0.1132189103463011,0.0,,6.157777777777778,
1975-10-01,125.2817,1.3291182352941175,,,,3.5,0.0934199999999999,2.79126751903136,5.291082878967646,0.7751937984496138,7.457216268453681,6.118552039711389,0.5537098560354448,6.1316474,0.1341748208155909,0.0,,5.433535353535353,
1976-01-01,123.4513,1.3161375846153844,,,,3.5,0.10868,0.8365960870106104,6.561835653465686,2.200220022002197,2.79126751903136,5.291082878967646,0.7751937984496138,5.5125972,0.1132319093039101,0.0,,4.841122448979592,
1976-04-01,123.8931,1.3072759242424243,,,,3.5,0.11722,1.6316307413347442,6.754936163895486,1.5521064301551757,0.8365960870106104,6.561835653465686,2.200220022002197,5.210437000000001,0.0263557010158644,0.0,,5.195102040816327,0.7960869565217391
1976-07-01,124.4358,1.2959055555555556,,,,3.5,0.13368,3.0185519324514187,8.006978173093815,1.211453744493407,1.6316307413347442,6.754936163895486,1.5521064301551757,4.4923924,0.028082113216142,0.0,,5.291111111111111,1.083142857142857
1976-10-01,125.3169,1.2328727464788731,,,,3.5,0.11712,12.252134551915228,8.929701885058794,0.7692307692307665,3.0185519324514187,8.006978173093815,1.211453744493407,3.700202200000001,0.0754081128699579,0.0,,4.878686868686869,1.4511764705882353
1977-01-01,124.4579,1.2245661363636364,,,,3.5,0.07812,13.321404588214424,8.690130338853063,-0.1076426264801089,12.252134551915228,8.929701885058794,0.7692307692307665,3.7085056,0.0849263890646529,0.0,,4.651546391752577,1.3303076923076922
1977-04-01,125.7061,1.2083821212121213,,,,3.5,0.04648,11.441024859273806,8.782838299891726,0.1091703056768755,13.321404588214424,8.690130338853063,-0.1076426264801089,3.8735808,0.0767105211253929,0.0,,5.155510204081633,1.2584057971014493
1977-07-01,127.2199,1.1817673285714283,,,,3.5,0.0539599999999999,13.046820028560123,8.748734410819559,0.761697497279612,11.441024859273806,8.782838299891726,0.1091703056768755,3.7325276,0.0450279976578122,0.0,,5.817171717171717,0.8442857142857143
1977-10-01,128.4225,1.1367657258064514,,,,3.414141414141414,0.06266,10.880368834150556,8.53192393780593,1.308615049073092,13.046820028560123,8.748734410819559,0.761697497279612,3.943971,0.0767354153753569,0.0,,6.513636363636364,0.4538709677419354
1978-01-01,129.0396,1.0612216461538462,,,,3.0,0.0938,14.05473849484964,8.632123386308699,1.7241379310344973,10.880368834150556,8.53192393780593,1.308615049073092,3.5138774,0.1287850592642279,0.0,,6.7586597938144335,0.4666666666666666
1978-04-01,130.7871,1.0618214262295085,,,,3.0,0.13242,16.46853040566214,8.037621822702512,1.1995637949836269,14.05473849484964,8.632123386308699,1.7241379310344973,3.0257684,0.1186975723359165,0.0,,7.284183673469388,0.3209230769230769
1978-07-01,133.4952,1.026685765625,,,,3.0,0.19232,14.394949166387416,8.004583477994176,1.1879049676026154,16.46853040566214,8.037621822702512,1.1995637949836269,2.9335534,0.0928596702365679,0.0,,8.101414141414141,0.0156923076923076
1978-10-01,135.0917,0.9596126451612904,,,,3.0,0.1339999999999999,18.295762120183245,8.477005998834208,0.8611410118406715,14.394949166387416,8.004583477994176,1.1879049676026154,2.5896818,0.0960857757857335,0.0,,9.573636363636362,-0.5157142857142858
1979-01-01,135.4543,0.9486389393939394,,,,3.927835051546392,0.1505399999999999,17.714401173240613,8.76409082637084,1.1652542372881047,18.295762120183245,8.477005998834208,0.8611410118406715,2.4631016,0.1083235242096321,0.0,,10.106082474226804,-0.6878124999999999
1979-04-01,138.5403,0.9693555081967212,,,,5.158163265306122,0.12734,15.586261496149746,10.004333633581664,2.478448275862055,17.714401173240613,8.76409082637084,1.1652542372881047,2.877255,0.069573440362478,0.0,,10.192244897959185,-0.47796875
1979-07-01,139.5638,0.929169106060606,,,,5.929292929292929,0.06054,18.428234398700983,10.80405523257908,2.5613660618996503,15.586261496149746,10.004333633581664,2.478448275862055,3.2018314000000005,0.0344739139108009,0.0,,10.943939393939395,-0.43375
1979-10-01,139.3361,0.9032467536231884,,,,6.636363636363637,0.0494,17.83561665986184,10.518803726191203,2.347918890074729,18.428234398700983,10.80405523257908,2.5613660618996503,4.491156999999999,0.056350048405234,0.0,,13.602929292929293,-1.0846268656716418
1980-01-01,139.2642,0.9062087846153846,,,,7.520408163265306,0.14454,14.5323658230188,10.313582309234691,1.9895287958115349,17.83561665986184,10.518803726191203,2.347918890074729,5.247448,0.0610484545021579,0.0,,15.07,-1.2695238095238095
1980-04-01,140.2524,0.9319558615384615,,,,9.13265306122449,0.25792,8.765700414914335,10.148209001179186,1.051524710830698,14.5323658230188,10.313582309234691,1.9895287958115349,5.275665,0.0300156025971267,0.0,,12.835408163265308,0.0895652173913043
1980-07-01,141.2909,0.9072372876712328,,,,9.434343434343434,0.21314,12.53768472283905,9.676051262503748,1.352757544224814,8.765700414914335,10.148209001179186,1.051524710830698,5.892431,0.0266075712878179,0.0,,9.862525252525252,0.6292857142857142
1980-10-01,142.5771,0.97142215942029,,,,9.0,0.41712,6.91070298308536,9.332492786654733,2.085505735140769,12.53768472283905,9.676051262503748,1.352757544224814,5.253187800000001,0.0611147782619353,0.0,,15.822525252525253,-0.7635820895522387
1981-01-01,141.5936,1.0664078412698412,,,,9.0,0.4008,2.983765712427089,10.159507235475118,3.901437371663219,6.91070298308536,9.332492786654733,2.085505735140769,5.040994,0.1399085106619716,0.0,,16.695979381443298,-0.6159016393442623
1981-04-01,143.2212,1.1578651666666666,,,,9.0,0.29954,6.200142209858162,10.874315205609197,6.243496357960465,2.983765712427089,10.159507235475118,3.901437371663219,5.807466,0.2194060267330137,0.0,,17.76112244897959,-0.8818571428571428
1981-07-01,142.3338,1.2425682222222223,,,,9.0,0.2484799999999999,-5.27656086328121,10.253983165845826,6.262833675564661,6.200142209858162,10.874315205609197,6.243496357960465,5.8063744,0.2337199120649551,0.0,,17.642929292929296,-1.1655714285714287
1981-10-01,140.0288,1.1501081142857144,,,,9.0,0.2411,-2.7654704861654222,10.365591749265812,6.230847803881501,-5.27656086328121,10.253983165845826,6.262833675564661,6.565127,0.143974892406824,0.0,,13.666060606060606,0.104776119402985
1982-01-01,138.2868,1.2003634307692308,,,,9.0,0.1825,0.4145077720207224,8.498615280940115,3.9525691699604737,-2.7654704861654222,10.365591749265812,6.230847803881501,7.2676434,0.0854333946219515,0.0,,14.20721649484536,-0.2406349206349206
1982-04-01,136.7363,1.2179644328358208,,,,9.0,0.0954199999999999,-0.8460439483462645,6.902717026914851,2.056807051909914,0.4145077720207224,8.498615280940115,3.9525691699604737,6.1906186,0.0782630915761339,0.0,,14.54642857142857,-0.2213043478260869
1982-07-01,135.1869,1.2680442916666663,,,,8.626262626262626,0.08706,3.889276040206924,6.413381904563131,1.6425120772946888,-0.8460439483462645,6.902717026914851,2.056807051909914,5.2070506000000005,0.0973610209535251,0.0,,11.107676767676768,0.4378571428571428
1982-10-01,133.6146,1.2794233888888888,,,,6.929292929292929,0.0845399999999999,1.483485386254002,6.296407929734404,2.115384615384608,3.889276040206924,6.413381904563131,1.6425120772946888,5.2097482,0.0764976047047302,0.0,,9.335555555555556,0.7586764705882354
1983-01-01,132.7529,1.2319002923076925,,,,5.845360824742268,0.08368,2.78741288588209,6.197626598929884,2.756653992395419,1.483485386254002,6.296407929734404,2.115384615384608,4.7222914000000005,0.0582343569003225,0.0,,8.727835051546393,1.0169230769230768
1983-04-01,133.0032,1.272611193548387,,,,5.0,0.09804,4.62833733253265,5.436212097338133,2.303262955854102,2.78741288588209,6.197626598929884,2.756653992395419,4.0955998,0.0425008130506406,0.0,,8.824591836734694,0.7940625
1983-07-01,131.9363,1.3486086438356164,,,,5.116161616161616,0.1170399999999999,4.148834115914379,5.625686225743243,2.2813688212927508,4.62833733253265,5.436212097338133,2.303262955854102,3.5292296,0.0968594849294831,0.0,,9.46979797979798,0.7766197183098592
1983-10-01,130.0562,1.3690213181818185,,,,5.5,0.13358,4.368896126120792,5.672123220683512,1.6949152542372836,4.148834115914379,5.625686225743243,2.2813688212927508,3.0230772000000004,0.1285399994669865,0.0,,9.457575757575755,0.9961290322580644
1984-01-01,127.7647,1.3816961492537314,,,,5.5,0.15342,0.905697036555586,5.977682179941546,0.9250693802035136,4.368896126120792,5.672123220683512,1.6949152542372836,2.7148348,0.0977107359756056,0.0,,9.686122448979592,1.03046875
1984-04-01,126.4926,1.386623475409836,,,,5.5,0.09318,4.610460017477069,6.720596839400139,0.9380863039399668,0.905697036555586,5.977682179941546,0.9250693802035136,2.7400464,0.0339183015160353,0.0,,10.564489795918366,0.8496923076923076
1984-07-01,125.6981,1.4904909393939394,,,,5.5,0.1440799999999999,3.215852549564624,6.326872457525723,0.8364312267658214,4.610460017477069,6.720596839400139,0.9380863039399668,2.8692684,0.1123601221347108,0.0,,11.395454545454546,0.35984375
1984-10-01,124.43940000000002,1.5592379420289857,,,,5.5,0.14636,1.207665685983561,6.240743582766606,0.6481481481481532,3.215852549564624,6.326872457525723,0.8364312267658214,2.0571192,0.1719418774068264,0.0,,9.31858585858586,0.8838805970149254
1985-01-01,122.8323,1.6644549384615386,,,,5.651546391752578,0.1040799999999999,0.5247520191628441,5.630976466781146,0.6416131989001039,1.207665685983561,6.240743582766606,0.6481481481481532,2.1146322,0.2336912248411925,0.0,,8.492268041237113,1.30758064516129
1985-04-01,121.84340000000002,1.579314507692308,,,,5.554591836734694,0.07138,-0.1596378240321327,6.02371595042277,1.9516728624535464,0.5247520191628441,5.630976466781146,0.6416131989001039,2.2564326,0.1432966938521122,0.0,,7.96030612244898,1.4069565217391304
1985-07-01,122.3284,1.4632058472222222,,,,4.844444444444444,0.05874,2.544508040296667,5.613989287482557,1.0138248847926024,-0.1596378240321327,6.02371595042277,1.9516728624535464,2.3812672,0.1652545095425756,0.0,,7.935353535353536,1.4465217391304348
1985-10-01,122.0951,1.3258571142857145,,,,4.568181818181818,0.11284,10.215784924686533,4.39664156882762,0.0919963201471807,2.544508040296667,5.613989287482557,1.0138248847926024,2.1054568,0.2938169055498706,0.0,,8.019191919191918,1.2491176470588234
1986-01-01,121.9063,1.2025284262295082,,,,4.458762886597938,0.16978,16.281375180909684,4.697266082657992,0.2732240437158362,10.215784924686533,4.39664156882762,0.0919963201471807,1.5755136,0.3274736529071453,0.0,,7.615979381443299,0.7893333333333333
1986-04-01,122.8822,1.151786393939394,,,,4.347959183673469,0.18456,17.700321139262588,4.188057281815727,-0.8204193254330083,16.281375180909684,4.697266082657992,0.2732240437158362,0.9823708,0.2780196653464913,0.0,,6.920112244897959,0.6098571428571429
1986-07-01,123.2271,1.069852191780822,,,,4.35,0.22052,20.51233327837252,4.293082330318532,-0.9124087591240836,17.700321139262588,4.188057281815727,-0.8204193254330083,0.0,0.2144295158772461,0.0,,6.218434343434343,0.8342857142857143
1986-10-01,122.9874,1.0264614347826089,,,,4.437878787878788,0.2486,18.84630075898879,4.3936519255175055,-0.9191176470588204,20.51233327837252,4.293082330318532,-0.9124087591240836,-0.3325948,0.1586186613332436,0.0,,5.875,0.9919117647058824
1987-01-01,121.5717,0.940542,,,,4.125773195876288,0.41178,16.00001576317407,3.250355813330841,-2.179836512261557,18.84630075898879,4.3936519255175055,-0.9191176470588204,-0.8640824,0.176096361505522,0.0,,5.992268041237113,0.8442622950819673
1987-04-01,121.1573,0.9240648636363636,,,,3.669897959183673,0.25182,16.48277954302322,2.905061445256041,-2.022058823529427,16.00001576317407,3.250355813330841,-2.179836512261557,-0.617737,0.1390401999631394,0.0,,6.448979591836735,0.8948571428571429
1987-07-01,121.1435,0.9395319444444444,,,,3.5929292929292926,0.20134,12.071692565942538,2.3688684025564344,-2.025782688766076,16.48277954302322,2.905061445256041,-2.022058823529427,0.0221484,0.0929797292783033,0.0,,6.823232323232324,1.0224285714285717
1987-10-01,121.479,0.8767315774647888,,,,3.528787878787879,0.22628,8.678124686016918,3.38686174122913,-0.4638218923933235,12.071692565942538,2.3688684025564344,-2.025782688766076,0.4895324,0.0599106081880232,0.0,,7.009469696969697,1.1332352941176471
1988-01-01,121.05400000000002,0.8573504393939394,,,,3.25,0.1435799999999999,14.62068168924131,3.3405507212169505,0.0928505106777999,8.678124686016918,3.38686174122913,-0.4638218923933235,0.9387725999999998,0.0774678413893324,0.0,,6.621811224489796,1.05875
1988-04-01,121.6456,0.8739936935483871,,,,3.2755102040816326,0.09,8.58597433929158,3.861222715158719,-0.0938086303939766,14.62068168924131,3.3405507212169505,0.0928505106777999,0.9328894,0.0722335808927068,0.0,,7.008928571428571,1.0340625
1988-07-01,122.3705,0.95279698630137,,,,4.088383838383838,0.1445,4.954230697430972,4.401448228235649,0.4699248120300758,8.58597433929158,3.861222715158719,-0.0938086303939766,1.085002,0.0851783836365982,0.0,,7.89330808080808,0.6491549295774648
1988-10-01,122.2532,0.9067209545454544,,,,4.4944444444444445,0.06834,3.122266327425449,3.905137792767333,-0.6523765144454963,4.954230697430972,4.401448228235649,0.4699248120300758,1.2619692,0.0841199981279952,0.0,,8.297348484848484,0.2492063492063491
1989-01-01,121.3874,0.945922,,,,5.572164948453608,0.06916,-0.8767197994036691,4.731462469692271,-0.4638218923933235,3.122266327425449,3.905137792767333,-0.6523765144454963,1.5942682,0.0733977791076473,0.0,,9.313144329896907,-0.2052380952380952
1989-04-01,121.3138,0.990068888888889,,,,6.222448979591836,0.06018,-1.1560848337525131,5.246188600142943,-0.28169014084507,-0.8767197994036691,4.731462469692271,-0.4638218923933235,2.376676,0.0682935057529995,0.0,,9.713647959183673,-0.186060606060606
1989-07-01,122.9987,0.9836045373134328,,,,6.6893939393939394,0.06392,2.445964286720259,5.6200370728365145,-0.2806361085126663,-1.1560848337525131,5.246188600142943,-0.28169014084507,2.9135494,0.0770398050393548,0.0,,9.153409090909092,0.0224615384615384
1989-10-01,124.1484,0.9280410769230768,,,,7.291919191919192,0.14842,6.898039602216266,6.0746284022128005,0.0,2.445964286720259,5.6200370728365145,-0.2806361085126663,2.7765778,0.0596243357925765,0.0,,8.633838383838384,0.0559375
1990-01-01,126.0872,0.8648160757575757,,,,7.743814432989691,0.1708599999999999,9.73320256591197,6.637257745433089,0.4659832246039164,6.898039602216266,6.0746284022128005,0.0,3.0296914,0.116580304222141,0.0,,8.25,0.0603125
1990-04-01,128.8115,0.8578635967741935,,,,7.798979591836734,0.10762,14.2878963737346,7.851319110884569,1.412429378531077,9.73320256591197,6.637257745433089,0.4659832246039164,2.7084852,0.1182925713551908,0.0,,8.25,0.1024615384615384
1990-07-01,129.9628,0.8150551230769231,,,,7.922727272727273,0.13304,15.373989779287813,6.7705433506927815,-0.3752345215759622,14.2878963737346,7.851319110884569,1.412429378531077,2.277526,0.093175748015812,0.0,,8.035353535353535,0.6
1990-10-01,129.2914,0.7700930285714286,,,,8.148484848484848,0.2008599999999999,17.300419482878105,7.448863591762223,-0.8442776735459456,15.373989779287813,6.7705433506927815,-0.3752345215759622,2.6163884,0.0876637002967474,0.0,,7.598484848484849,0.799264705882353
1991-01-01,129.7609,0.782352296875,,,,8.525773195876289,0.27288,14.29227348446176,7.725750298241163,-1.3914656771799594,17.300419482878105,7.448863591762223,-0.8442776735459456,3.17381,0.078484709590726,0.0,,6.396907216494846,0.9879032258064516
1991-04-01,131.1746,0.8868668387096774,,,,8.62295918367347,0.22546,6.000319151646649,7.049671836690097,-2.506963788300842,14.29227348446176,7.725750298241163,-1.3914656771799594,2.5253802,0.104813626872441,0.0,,5.829081632653061,1.2188571428571429
1991-07-01,130.2109,0.8947133611111112,,,,8.902525252525253,0.11728,4.538120850625149,9.045957050334865,-0.941619585687381,6.000319151646649,7.049671836690097,-2.506963788300842,2.7900356,0.1328238254240072,0.0,,5.555555555555555,1.418
1991-10-01,128.9868,0.8350658857142856,,,,9.095454545454546,0.10666,5.811428265606988,10.196243297057418,0.9460737937559084,4.538120850625149,9.045957050334865,-0.941619585687381,4.195198,0.1042908571028176,0.0,,4.80050505050505,1.8130882352941176
1992-01-01,129.215,0.827741125,,,,9.433163265306122,0.06152,9.765086550302035,10.235752198674962,0.940733772342428,5.811428265606988,10.196243297057418,0.9460737937559084,4.8850880000000005,0.0691315425285803,0.0,,4.0,2.0130645161290324
1992-04-01,129.9487,0.826426803030303,,,,9.625,0.05106,13.79566411502986,11.044562060746488,2.0952380952381056,9.765086550302035,10.235752198674962,0.940733772342428,5.740322000000001,0.0654119485945822,0.0,,3.7755102040816326,2.1552857142857142
1992-07-01,130.6494,0.7496895138888889,,,,9.607575757575756,0.2888199999999999,21.97343169942396,10.830083128951864,2.566539923954392,13.79566411502986,11.044562060746488,2.0952380952381056,6.0539388,0.0804151804061069,0.0,,3.1944444444444446,2.454142857142857
1992-10-01,130.7798,0.788011676056338,,,,8.813939393939394,0.4290599999999999,21.321189010837017,9.55373205842558,1.4058106841611906,21.97343169942396,10.830083128951864,2.566539923954392,4.983923,0.0741735177158046,0.0,,3.0,2.3126470588235293
1993-01-01,129.2254,0.8363207384615384,,,,8.504845360824742,0.18076,5.01958456113929,7.513690730369493,0.5591798695247174,21.321189010837017,9.55373205842558,1.4058106841611906,3.3805908,0.0790981377322017,0.0,,3.0,2.125079365079365
1993-04-01,129.5808,0.8274495820895522,,,,7.778979591836735,0.08778,8.947287676593385,7.789098605726474,2.332089552238803,5.01958456113929,7.513690730369493,0.5591798695247174,4.5863632,0.0795571005605899,0.0,,3.0,2.0004347826086954
1993-07-01,129.9122,0.8582806666666667,,,,6.9550505050505045,0.08526,1.109833239483038,7.665310899682032,3.151065801668196,8.947287676593385,7.789098605726474,2.332089552238803,4.566690599999999,0.0587035962057905,0.0,,3.0,1.6525714285714286
1993-10-01,130.7818,0.8599015068493151,,,,6.351212121212121,0.04968,-0.8931209072891355,7.974766204494532,4.43622920517559,1.109833239483038,7.665310899682032,3.151065801668196,4.563553000000001,0.0322660751646807,0.0,,3.0,1.5288405797101448
1994-01-01,130.4858,0.8804927272727273,,,,5.964948453608248,0.17206,4.9145478862753,10.22730677888626,7.228915662650581,-0.8931209072891355,7.974766204494532,4.43622920517559,4.3401546,0.0437312228867297,0.0,,3.177835051546392,1.5303125
1994-04-01,131.4301,0.8488183870967742,,,,5.354897959183673,0.1807399999999999,6.94855580963536,7.00391925680699,3.4639927073837784,4.9145478862753,10.22730677888626,7.228915662650581,3.0130712,0.0266810495886673,0.0,,3.941326530612245,1.2607936507936506
1994-07-01,131.7095,0.8001450410958904,,,,4.87121212121212,0.21326,12.440730877449967,6.304357908966662,2.605570530098844,6.94855580963536,7.00391925680699,3.4639927073837784,2.7737832,0.0681805891530425,0.0,,4.492424242424242,1.0980281690140845
1994-10-01,131.6891,0.7892393939393939,,,,4.85,0.11818,12.015844491827307,6.0042391016365215,1.9469026548672552,12.440730877449967,6.304357908966662,2.605570530098844,2.4311838000000003,0.0852914015213843,0.0,,5.121212121212121,0.6766666666666667
1995-01-01,130.6659,0.7563021194029851,,,,4.85,0.14356,14.071598458805369,5.25774948768416,0.6050129645635449,12.015844491827307,6.0042391016365215,1.9469026548672552,2.343299,0.0766028933328519,0.0,,5.814432989690721,0.35734375
1995-04-01,130.7288,0.7147390327868852,,,,4.53234693877551,0.15014,16.877566143287414,3.636371787521231,-0.6167400881057272,14.071598458805369,5.25774948768416,0.6050129645635449,2.1729076,0.076807072618181,0.0,,6.0,0.4687692307692307
1995-07-01,129.8932,0.7323766119402985,,,,4.382929292929292,0.14682,13.522712950847923,4.243347066355785,-0.1751313485113814,16.877566143287414,3.636371787521231,-0.6167400881057272,1.808862,0.064496894284892,0.0,,5.767676767676767,0.4686153846153846
1995-10-01,129.729,0.7278964923076923,,,,3.981010101010101,0.12822,9.270180390177906,3.508779519005789,-0.78125,13.522712950847923,4.243347066355785,-0.1751313485113814,1.8016774,0.0346942557128816,0.0,,5.7146464646464645,0.39640625
1996-01-01,128.0322,0.7508729545454546,,,,3.4443877551020408,0.12098,9.46194271836327,2.5954913246482025,-0.945017182130603,9.270180390177906,3.508779519005789,-0.78125,1.6600916,0.0298884995704375,0.0,,5.331632653061225,0.64265625
1996-04-01,127.114,0.7767241538461539,,,,3.3,0.1331999999999999,3.079053483911398,6.115286341325543,2.9255319148935977,9.46194271836327,2.5954913246482025,-0.945017182130603,1.4172446,0.044381803659902,0.0,,5.25,0.598
1996-07-01,126.35020000000002,0.7665105915492958,,,,3.1909090909090905,0.0776599999999999,1.181045456654184,5.443823157340311,3.0701754385964897,3.079053483911398,6.115286341325543,2.9255319148935977,1.325414,0.0425058586535759,0.0,,5.25,0.5988571428571429
1996-10-01,125.5565,0.7820903142857143,,,,3.0,0.0576999999999999,2.521819539933001,5.375280064080967,3.762029746281703,1.181045456654184,5.443823157340311,3.0701754385964897,1.264045,0.027466246186153,0.0,,5.25,0.5561764705882353
1997-01-01,123.6047,0.8466956393442623,,,,3.0,0.07502,2.8393537850025075,5.775648328390881,4.249783174327848,2.521819539933001,5.375280064080967,3.762029746281703,1.5202566000000002,0.0727446194843956,0.0,,5.270618556701031,0.5223333333333333
1997-04-01,122.8746,0.8746047313432836,,,,3.0,0.1037599999999999,0.0106120457806779,5.6211425729497,3.875968992248069,2.8393537850025075,5.775648328390881,4.249783174327848,1.9290276,0.1030669612660244,0.0,,5.5,0.4277142857142857
1997-07-01,121.3101,0.921602625,,,,3.0,0.06364,0.1241680936500788,5.348840943229938,3.489361702127636,0.0106120457806779,5.6211425729497,3.875968992248069,1.5585724,0.1166122151329603,0.0,,5.5,0.3445714285714286
1997-10-01,120.90000000000002,0.898433742857143,,,,3.2515151515151515,0.05692,-0.6207152485492973,5.101082588641437,2.95109612141653,0.1241680936500788,5.348840943229938,3.489361702127636,2.3300968,0.0642397233518677,0.0,,5.5,0.1791176470588235
1998-01-01,120.15770000000002,0.9302272698412698,,,,3.3,0.04318,-1.4832738618237973,4.693123923084319,2.4958402662229595,-0.6207152485492973,5.101082588641437,2.95109612141653,2.1076486,0.0499749955588273,0.0,,5.5,0.141311475409836
1998-04-01,120.0255,0.9194600307692308,,,,3.3,0.0416,1.7152208628631094,4.695875172341335,2.15588723051412,-1.4832738618237973,4.693123923084319,2.4958402662229595,1.2064942,0.0269854212930699,0.0,,5.5,0.0377142857142857
1998-07-01,119.529,0.9031015833333332,,,,3.3,0.13152,4.648345225628892,4.547482788605728,1.8092105263157965,1.7152208628631094,4.695875172341335,2.15588723051412,1.342881,0.029405537938847,0.0,,5.492424242424242,0.0664285714285714
1998-10-01,119.9936,0.8499784929577464,,,,3.227272727272727,0.19426,9.680322434088495,5.159617801119554,2.4570024570024662,4.648345225628892,4.547482788605728,1.8092105263157965,0.6776169999999999,0.0712014703201601,0.0,,4.921717171717172,0.2755882352941176
1999-01-01,119.8707,0.8922776507936508,13.300000000000002,9.5,26.8,3.0,0.19112,11.314810135097076,6.120714739181032,3.5714285714285587,9.680322434088495,5.159617801119554,2.4570024570024662,0.3802877999999999,0.0593369016171834,0.0,,4.75,0.1395238095238095
1999-04-01,119.2507,0.9458359402985076,13.5,9.6,27.2,2.5510204081632653,0.1820999999999999,8.094755668306352,3.716377291963946,1.7045454545454586,11.314810135097076,6.120714739181032,3.5714285714285587,0.1625648,0.0787650617361179,0.0,,4.755102040816326,0.2569999999999999
1999-07-01,118.9177,0.9545557941176472,13.6,9.6,27.600000000000005,2.5,0.2300799999999999,4.675417444372565,4.736519007383633,2.9079159935379906,8.094755668306352,3.716377291963946,1.7045454545454586,0.6220244,0.0978730031612064,0.0,,5.101010101010101,0.252
1999-10-01,119.1314,0.963068671641791,13.800000000000002,9.6,28.399999999999995,2.797979797979798,0.17368,2.305038792936709,4.712651010725244,2.877697841726623,4.675417444372565,4.736519007383633,2.9079159935379906,0.6464676,0.0637806086183778,0.0,,5.371212121212121,0.2020289855072463
2000-01-01,118.7552,1.0142900153846153,14.1,9.8,29.0,3.191326530612245,0.1642199999999999,-1.2447031055981772,5.460354330831341,3.2915360501567736,2.305038792936709,4.712651010725244,2.877697841726623,0.9468968,0.0614362423031312,0.0,,5.686224489795919,-0.0578461538461538
2000-04-01,118.8544,1.0723047903225806,14.300000000000002,9.8,29.7,3.793367346938776,0.26454,1.8038798060049157,9.046533174623628,6.464485235434969,-1.2447031055981772,5.460354330831341,3.2915360501567736,1.568884,0.108669747663479,0.0,,6.244897959183674,-0.3889230769230769
2000-07-01,118.0858,1.1058496615384616,14.300000000000002,9.7,29.899999999999995,4.328282828282828,0.14738,2.572374384369791,9.241738685311262,6.279434850863419,1.8038798060049157,9.046533174623628,6.464485235434969,0.9942988,0.1262493670676322,0.0,,6.5,-0.3275384615384615
2000-10-01,117.6994,1.152572126984127,14.800000000000002,9.8,31.600000000000005,4.732323232323233,0.12196,-3.032947666269603,8.047258917304912,4.972804972804967,2.572374384369791,9.241738685311262,6.279434850863419,1.3377583999999998,0.1163642525295419,0.0,,6.5,-0.1475
2001-01-01,116.9065,1.08361665625,14.699999999999998,9.8,30.100000000000005,4.75,0.06996,1.2648565179199434,9.49573832947832,6.676783004552345,-3.032947666269603,8.047258917304912,4.972804972804967,1.6614882000000002,0.0710122390296661,1.0,,5.618556701030927,0.4653125
2001-04-01,115.873,1.1466277903225808,14.5,9.7,28.899999999999995,4.614795918367347,0.09544,0.3319808536798696,8.772968673944792,5.847076461769096,1.2648565179199434,9.49573832947832,6.676783004552345,1.6777632,0.0660826406560371,1.0,,4.334183673469388,1.0855384615384616
2001-07-01,115.5665,1.1241910923076923,14.300000000000002,9.7,27.7,4.345959595959596,0.10024,-2.163008370458141,7.309665941018273,4.652880354505151,0.3319808536798696,8.772968673944792,5.847076461769096,2.5013156,0.0624920488492433,1.0,,3.5656565656565657,1.3188709677419357
2001-10-01,115.2273,1.115782615384615,14.1,9.6,26.899999999999995,3.4722222222222223,0.1190399999999999,3.933332106170262,8.079487095452098,5.329385640266482,-2.163008370458141,7.309665941018273,4.652880354505151,2.0591644,0.0522075011356347,1.0,,2.1666666666666665,1.8807352941176472
2002-01-01,114.0475,1.1409279516129032,14.1,9.5,27.5,3.25,0.13372,-0.5117130804483505,4.05874002187625,0.8534850640113945,3.933332106170262,8.079487095452098,5.329385640266482,1.7401952,0.0286962905481559,1.0,,1.75,1.8783870967741931
2002-04-01,113.661,1.0895684603174605,14.199999999999998,9.5,28.0,3.25,0.14832,-0.9676629333694288,2.7459664705214326,0.2124645892351395,-0.5117130804483505,4.05874002187625,0.8534850640113945,1.9643922,0.0428439758329888,1.0,,1.75,1.8598571428571429
2002-07-01,113.2678,1.0164095147058825,14.300000000000002,9.5,28.2,3.25,0.26692,8.026435649310093,3.336318107686042,1.199717713479198,-0.9676629333694288,2.7459664705214326,0.2124645892351395,1.4282072,0.107531937577174,1.0,,1.75,2.033142857142857
2002-10-01,112.9082,1.001369606060606,14.300000000000002,9.5,28.3,3.113636363636364,0.241,4.535065327293664,2.9422448001408696,1.054111033028815,8.026435649310093,3.336318107686042,1.199717713479198,1.2158094,0.1303541820789972,1.0,,1.457070707070707,2.102794117647059
2003-01-01,111.5994,0.9320491746031746,14.300000000000002,9.5,28.600000000000005,2.6829896907216493,0.2149,9.084370598589508,2.8322664646698303,1.6220028208744577,4.535065327293664,2.9422448001408696,1.054111033028815,1.2182006,0.1292178814237023,1.0,,1.25,2.270983606557377
2003-04-01,111.2947,0.8815845,14.300000000000002,9.5,29.399999999999995,2.36734693877551,0.26812,11.960209924592611,3.24635701112721,2.1201413427561766,9.084370598589508,2.8322664646698303,1.6220028208744577,1.0787744,0.125460654734098,1.0,,1.2321428571428572,2.2118840579710146
2003-07-01,110.4568,0.8887096323529411,14.300000000000002,9.4,29.5,2.0,0.21836,7.971459173176432,2.4385184031477047,1.3947001394700065,11.960209924592611,3.24635701112721,2.1201413427561766,0.8191022,0.110033071306613,1.0,,1.0,2.5292857142857144
2003-10-01,109.7389,0.8420871515151515,14.300000000000002,9.3,29.899999999999995,2.0,0.1589999999999999,9.070707831812076,1.69893948521862,0.9735744089012456,7.971459173176432,2.4385184031477047,1.3947001394700065,0.9456054,0.073717091349708,1.0,,1.0,2.4311764705882357
2004-01-01,108.4347,0.80040390625,13.9,9.2,28.2,2.0,0.12516,9.61097798001951,0.7702883900726931,0.1387925052047212,9.070707831812076,1.69893948521862,0.9735744089012456,1.1777902,0.0814660394844239,0.0,,1.0,2.3234920634920635
2004-04-01,107.8523,0.8296841692307693,13.6,9.2,27.0,2.0,0.07966,5.386926603268094,-1.224750371700012,-2.145328719723183,9.61097798001951,0.7702883900726931,0.1387925052047212,1.0676452,0.073494269582524,0.0,,1.0051020408163265,2.150588235294118
2004-07-01,107.2734,0.8185150294117647,13.5,9.1,26.2,2.0,0.0693,2.4652025745790285,-2.050867112534882,-3.5763411279229773,5.386926603268094,-1.224750371700012,-2.145328719723183,1.7772972,0.0353886427756838,0.0,1.4965015580642975,1.414141414141414,1.7577142857142858
2004-10-01,106.58570000000002,0.7723762205882353,13.199999999999998,9.1,25.3,2.0,0.06552,2.3938716362878587,-2.4713590201022484,-4.132231404958676,2.4652025745790285,-2.050867112534882,-3.5763411279229773,1.7721519999999995,0.0500287853390421,0.0,1.4360593040728218,1.9343434343434345,1.3721739130434785
2005-01-01,106.0967,0.7627258064516129,13.199999999999998,9.0,25.600000000000005,2.0,0.0674,2.920309011676858,-2.7337992678172385,-4.435204435204443,2.3938716362878587,-2.4713590201022484,-4.132231404958676,1.8974024,0.0663996249465113,0.0,1.2005093954084771,2.4329896907216493,0.847936507936508
2005-04-01,105.2405,0.7939579253731343,13.199999999999998,8.9,25.5,2.0,0.07586,1.92393410229017,-1.7964636976742332,-3.323903818953333,2.920309011676858,-2.7337992678172385,-4.435204435204443,1.5838722,0.0495937635986943,0.0,1.1907019330048196,2.9107142857142856,0.5252857142857144
2005-07-01,104.263,0.8200916029411766,13.1,8.9,25.5,2.0,0.0615,-1.5096416024158343,-1.1740276793033133,-2.068473609129795,1.92393410229017,-1.7964636976742332,-3.323903818953333,1.147383,0.0509408387247191,0.0,1.034385861387235,3.419191919191919,0.2611267605633802
2005-10-01,104.1059,0.84158021875,12.9,8.8,24.8,2.0681818181818183,0.0617599999999999,-2.404474923469757,-0.6243465453846464,-1.5804597701149392,-1.5096416024158343,-1.1740276793033133,-2.068473609129795,1.691636,0.0680610283426854,0.0,0.729283888445362,3.95959595959596,0.1233333333333333
2006-01-01,102.6415,0.8318094153846154,12.9,8.7,24.5,2.314432989690722,0.03288,-8.127326656636702,0.2428595685126433,-1.087744742567076,-2.404474923469757,-0.6243465453846464,-1.5804597701149392,1.7390316,0.0411425309625451,0.0,0.5178186872823555,4.430412371134021,-0.02890625
2006-04-01,103.6188,0.7950367903225807,12.800000000000002,8.7,24.399999999999995,2.5433673469387754,0.05342,-3.170112136127945,1.828162023969715,0.0,-8.127326656636702,0.2428595685126433,-1.087744742567076,1.6836148000000002,0.0401696263998239,0.0,0.6034887163330291,4.895408163265306,0.0766153846153846
2006-07-01,104.2189,0.7847818769230769,12.800000000000002,8.6,24.399999999999995,2.888888888888889,0.05482,3.750114559159989,2.543319930837451,-0.2913328477785915,-3.170112136127945,1.828162023969715,0.0,2.0223212,0.0552472911522455,0.0,0.3321343193116315,5.25,-0.0347692307692307
2006-10-01,103.0737,0.7763037936507937,12.699999999999998,8.5,23.8,3.2702020202020203,0.0315,3.756776242119275,3.097320818295546,-0.4379562043795526,3.750114559159989,2.543319930837451,-0.2913328477785915,1.5903497999999998,0.0488966790993894,0.0,0.0993971133190742,5.25,-0.10640625
2007-01-01,101.6453,0.76310078125,12.5,8.4,23.2,3.5489690721649483,0.022,6.978738320907074,3.0433072583832432,-1.3196480938416522,3.756776242119275,3.097320818295546,-0.4379562043795526,1.2202344,0.0270324769527771,0.0,0.1103424349001582,5.25,-0.081875
2007-04-01,100.7383,0.7417955967741935,12.4,8.3,23.0,3.798469387755102,0.03596,5.207764159151473,1.617709677214374,-3.3650329188002925,6.978738320907074,3.0433072583832432,-1.3196480938416522,1.8257162,0.0374558146809761,0.0,0.1052607869997424,5.25,0.0409090909090909
2007-07-01,100.8471,0.7280084461538462,12.300000000000002,8.3,22.5,4.0,0.07438,2.7129787497922164,0.8598192913655156,-4.163623082542012,5.207764159151473,1.617709677214374,-3.3650329188002925,2.0305056,0.0431008281754575,0.0,0.2095707030048527,5.179292929292929,0.3453125
2007-10-01,100.1891,0.6908656363636364,12.4,8.2,22.7,4.0,0.03938,6.157315800533314,0.0608427974221559,-5.058651026392969,2.7129787497922164,0.8598192913655156,-4.163623082542012,2.19174,0.0607366823085137,1.0,0.3362413422205892,4.525252525252525,0.756764705882353
2008-01-01,101.639,0.6682099032258065,12.300000000000002,8.1,22.7,4.0,0.08744,7.439960074205509,0.7866668866727045,-3.937592867756301,6.157315800533314,0.0608427974221559,-5.058651026392969,2.9657498,0.0674970048324576,1.0,0.6403194103817696,3.2193877551020407,1.6341935483870966
2008-04-01,101.8112,0.6401335,12.199999999999998,8.0,22.8,4.0,0.05184,12.219182773902393,1.1879086484865242,-3.02800908402725,7.439960074205509,0.7866668866727045,-3.937592867756301,2.8445346,0.0742804966306078,1.0,0.3339804363022096,2.079081632653061,1.4861428571428572
2008-07-01,100.63259999999998,0.6646573382352942,12.199999999999998,8.0,23.2,4.224747474747475,0.12362,11.696661280696352,1.169516026384132,-2.5152439024390016,12.219182773902393,1.1879086484865242,-3.02800908402725,2.653271,0.0415380571391491,1.0,0.2672769757190609,2.0,1.4928571428571429
2008-10-01,101.9201,0.7585847272727273,12.300000000000002,8.0,24.0,3.393939393939394,0.47244,2.4539088979451007,1.7651438219187687,-1.0038610038610174,11.696661280696352,1.169516026384132,-2.5152439024390016,3.1809346,0.1039598965197438,1.0,1.3424905331307342,1.0467171717171715,2.011176470588236
2009-01-01,101.7331,0.7680672380952381,12.4,7.900000000000001,24.899999999999995,2.0,0.4755,-1.3051115002303493,2.0762048385368104,0.4640371229698292,2.4539088979451007,1.7651438219187687,-1.0038610038610174,1.970044,0.1298781904184716,1.0,2.1770739870849822,0.125,1.8319672131147544
2009-04-01,100.184,0.73480990625,12.5,7.900000000000001,25.600000000000005,1.1428571428571428,0.35994,-8.332145095107945,1.834185910033037,2.576112412177989,-1.3051115002303493,2.0762048385368104,0.4640371229698292,0.8606362000000001,0.0934497277454372,1.0,2.4126252382524247,0.125,2.2768571428571427
2009-07-01,99.9545,0.6996368823529412,12.4,7.900000000000001,25.399999999999995,1.0,0.25262,-5.881137753829735,1.277625254739112,3.987490226739632,-8.332145095107945,1.834185910033037,2.576112412177989,0.4626171999999999,0.0609806359028995,1.0,2.3787354808516428,0.125,2.4882857142857144
2009-10-01,100.2817,0.6771069701492537,12.300000000000002,7.900000000000001,24.899999999999995,1.0,0.1989399999999999,1.0834761058367004,0.1006463343521391,3.978159126365077,-5.881137753829735,1.277625254739112,3.987490226739632,-0.3194266,0.0798684364895883,1.0,2.299244701163312,0.125,2.5683823529411764
2010-01-01,99.1342,0.723544,12.199999999999998,7.8,24.5,1.0,0.12114,0.2535761310769935,-0.8883000646993988,3.156274056966901,1.0834761058367004,0.1006463343521391,3.978159126365077,0.2530324,0.0514108809746538,1.0,2.400097069601998,0.125,2.800634920634921
2010-04-01,99.8472,0.7869026153846155,12.300000000000002,7.8,24.5,1.0,0.18132,-1.0292797772144202,-0.6777677666711446,1.0654490106544845,0.2535761310769935,-0.8883000646993988,3.156274056966901,0.8526726,0.0947281214442811,1.0,2.4181045656609315,0.125,2.6335714285714285
2010-07-01,100.4955,0.775981455882353,12.199999999999998,7.8,24.5,1.0,0.11362,-8.448845776417091,0.4194800828208,-0.300751879699257,-1.0292797772144202,-0.6777677666711446,1.0654490106544845,1.1947704,0.1014411455487187,1.0,2.0570469777571314,0.125,2.249428571428572
2010-10-01,100.51529999999998,0.7364667794117646,12.1,7.7,24.3,1.0,0.0613,-4.836713104907398,1.7381037639293109,-1.2003000750187676,-8.448845776417091,0.4194800828208,-0.300751879699257,1.0539972,0.0609793792531458,1.0,1.9880543991685995,0.125,2.371304347826087
2011-01-01,100.2208,0.73140825,11.699999999999998,7.5,23.0,1.0,0.0571799999999999,-4.210995147220309,1.2689761721564885,-3.2835820895522394,-4.836713104907398,1.7381037639293109,-1.2003000750187676,1.3287368000000002,0.0557268305324707,1.0,2.044328657035339,0.125,2.76515625
2011-04-01,99.9811,0.6954127692307692,11.6,7.5,22.5,1.2142857142857142,0.0547599999999999,3.675858771309071,-0.3571150311879933,-5.496987951807242,-4.210995147220309,1.2689761721564885,-3.2835820895522394,1.7362524,0.065944897996985,1.0,1.735802334655912,0.125,2.639565217391304
2011-07-01,100.7473,0.7076853382352941,11.5,7.5,22.2,1.4646464646464648,0.13032,9.967536534363507,-1.049506687395263,-6.259426847662142,3.675858771309071,-0.3571150311879933,-5.496987951807242,1.9523266,0.0389378092017347,1.0,1.818562554697134,0.125,2.177323943661972
2011-10-01,100.4737,0.7421305,11.5,7.400000000000001,22.399999999999995,1.3131313131313131,0.19866,0.6248089982142435,-0.1353767284278051,-5.239179954441909,9.967536534363507,-1.049506687395263,-6.259426847662142,2.1990584,0.0427903778538748,1.0,2.040791298286001,0.125,1.783968253968254
2012-01-01,100.6459,0.7630430615384616,11.4,7.3,22.3,1.0,0.11974,-0.6534328645237952,1.02405357580575,-3.858024691358031,0.6248089982142435,-0.1353767284278051,-5.239179954441909,2.2840892,0.0621699302562467,1.0,2.225253076608696,0.125,1.7484375
2012-04-01,101.5315,0.7807980806451613,11.4,7.2,22.8,1.0,0.11574,-2.213792966751238,2.8600453758378386,-1.195219123505975,-0.6534328645237952,1.02405357580575,-3.858024691358031,2.1339258,0.0628335831847386,1.0,2.006802882104396,0.125,1.5340909090909092
2012-07-01,101.3629,0.8002310769230769,11.5,7.2,23.399999999999995,0.7803030303030303,0.09344,-6.223632288915038,3.4547233534493627,0.0804505229284213,-2.213792966751238,2.8600453758378386,-1.195219123505975,1.9149958,0.0496119091814358,1.0,1.9235049582654404,0.125,1.3825
2012-10-01,101.7974,0.7714528787878787,11.4,7.2,23.600000000000005,0.75,0.04942,-1.3777022654691162,2.185698273713732,-0.480769230769229,-6.223632288915038,3.4547233534493627,0.0804505229284213,1.9075884000000003,0.0319482552881358,1.0,1.831244337162084,0.125,1.4359701492537311
2013-01-01,102.2659,0.7574218709677419,11.5,7.099999999999999,24.100000000000005,0.75,0.1299,1.9086992828362792,1.465640170400917,-0.6420545746388284,-1.3777022654691162,2.185698273713732,-0.480769230769229,1.9672934,0.0359124087367727,1.0,1.7532643742446672,0.125,1.688225806451613
2013-04-01,103.03749999999998,0.7656456190476191,11.5,7.099999999999999,24.2,0.6071428571428571,0.09766,-1.7353762787802762,1.6519405845140334,-0.3225806451613078,1.9086992828362792,1.465640170400917,-0.6420545746388284,1.5839282,0.0372164398148839,1.0,1.6418595735704145,0.125,1.7062857142857142
2013-07-01,103.319,0.7556540882352941,11.6,7.0,24.5,0.5,0.0647,2.545007581853076,1.958757799797484,-0.080385852090048,-1.7353762787802762,1.6519405845140334,-0.3225806451613078,1.3548818,0.0147284419325488,0.0,1.848353338614273,0.125,2.328428571428572
2013-10-01,102.7744,0.7349105454545454,11.6,7.0,24.600000000000005,0.3712121212121212,0.0574999999999999,2.615240762275395,2.4424705047939144,0.1610305958132274,2.545007581853076,1.958757799797484,-0.080385852090048,1.7637667999999995,0.0261552089677919,0.0,1.8721953686440045,0.125,2.409117647058824
2014-01-01,103.3807,0.7301742063492064,11.6,6.900000000000001,24.8,0.25,0.04024,2.9097691164528205,2.980885612220741,0.403877221324711,2.615240762275395,2.4424705047939144,0.1610305958132274,1.3005338,0.0336880216678753,0.0,1.776322113012542,0.125,2.3906557377049182
2014-04-01,105.2256,0.729276109375,11.699999999999998,6.8,25.5,0.2285714285714285,0.0264,4.516220588002118,3.2132386558757053,-0.080906148867299,2.9097691164528205,2.980885612220741,0.403877221324711,1.2559922,0.0247002231635176,0.0,1.5535789097882202,0.125,2.2110144927536237
2014-07-01,105.34,0.754042838235294,11.6,6.8,25.5,0.1277777777777777,0.02938,3.256879756264963,3.150510107979554,-0.4827031375703949,4.516220588002118,3.2132386558757053,-0.080906148867299,1.2077162,0.0231238219866009,0.0,1.2685704755823326,0.125,1.9944285714285712
2014-10-01,105.6013,0.8000555454545455,11.199999999999998,6.7,24.399999999999995,0.05,0.04994,-2.919032510107056,2.2884067609090453,-1.4469453376206087,3.256879756264963,3.150510107979554,-0.4827031375703949,0.855615,0.066317942210836,0.0,0.978001161011236,0.125,1.7502941176470588
2015-01-01,107.76349999999998,0.8889960952380952,11.199999999999998,6.7,24.3,0.05,0.14238,-6.374442725575646,-1.0084432523244755,-4.907481898632337,-2.919032510107056,2.2884067609090453,-1.4469453376206087,0.6641108,0.1406811590220571,0.0,0.5804848260012173,0.125,1.3642622950819672
2015-04-01,108.74420000000002,0.905937015625,11.1,6.599999999999999,23.899999999999995,0.05,0.07088,-11.657320798265369,-0.2769742298607491,-3.724696356275292,-6.374442725575646,-1.0084432523244755,-4.907481898632337,-0.0647874,0.1446947290343729,0.0,0.8156454710724935,0.125,1.5349295774647889
2015-07-01,109.1101,0.8997678823529411,11.1,6.599999999999999,23.8,0.05,0.1069999999999999,-9.418363002116903,-0.6918838495913904,-3.961196443007276,-11.657320798265369,-0.2769742298607491,-3.724696356275292,0.937213,0.0991714704228722,0.0,1.0659401559531765,0.125,1.5447142857142857
2015-10-01,111.27299999999998,0.9129721940298507,10.9,6.5,23.2,0.05,0.1076,-4.846636324844389,0.1236211032860312,-3.181076672104388,-9.418363002116903,-0.6918838495913904,-3.961196443007276,0.7847294,0.0203288406115524,0.0,0.9902768650523888,0.1654040404040404,1.3548529411764705
2016-01-01,114.1153,0.9076488870967742,10.9,6.5,23.3,0.0413265306122448,0.119,-3.511675166338435,2.7726098668371613,-0.3384094754653177,-4.846636324844389,0.1236211032860312,-3.181076672104388,0.6164332,0.0108824648520261,0.0,0.8855936017191408,0.375,1.077777777777778
2016-04-01,116.2022,0.8853190746268657,10.800000000000002,6.400000000000001,22.600000000000005,0.0,0.0925,5.462647177524049,2.8829422804656613,-0.5046257359125561,-3.511675166338435,2.7726098668371613,-0.3384094754653177,0.385974,0.024061624090907,0.0,0.7098881807805658,0.375,0.982
2016-07-01,117.7171,0.8956828970588235,10.800000000000002,6.400000000000001,22.7,0.0,0.04498,2.066410439919109,2.918898795421354,-0.5050505050504972,5.462647177524049,2.8829422804656613,-0.5046257359125561,0.0420158,0.0247734175887502,0.0,0.5634772771346178,0.375,0.8380281690140845
2016-10-01,119.4624,0.927317078125,10.699999999999998,6.3,22.5,0.0,0.05492,2.497879444279194,3.0734890061686397,-0.3369839932603202,2.066410439919109,2.918898795421354,-0.5050505050504972,0.4630254,0.0360583125219311,0.0,0.933626915486938,0.4204545454545454,1.13
2017-01-01,119.8911,0.9392336923076924,10.800000000000002,6.3,22.899999999999995,0.0,0.07678,1.0078428461061106,3.37733012982302,-0.0848896434634927,2.497879444279194,3.0734890061686397,-0.3369839932603202,0.8667496,0.0510471219723938,0.0,1.1798495255095296,0.6688144329896907,1.20265625
2017-04-01,121.2749,0.9077415967741936,10.800000000000002,6.3,23.399999999999995,0.0,0.0765,-0.5083274016047468,3.7853208732680166,0.3381234150464873,1.0078428461061106,3.37733012982302,-0.0848896434634927,1.598758,0.0389861627680284,0.0,1.0984569236016843,0.9183673469387756,0.964153846153846
2017-07-01,122.4409,0.8515865692307693,10.800000000000002,6.2,23.3,0.0,0.0903,4.710769437463469,3.686557030985882,0.0846023688663155,-0.5083274016047468,3.7853208732680166,0.3381234150464873,1.5192438,0.0776476497266261,0.0,1.1777182493873797,1.125,0.8783076923076923
2017-10-01,125.1533,0.8493925238095239,10.699999999999998,6.2,23.3,0.0,0.04774,6.52385760337697,3.7868763962193297,-0.1690617075232658,4.710769437463469,3.686557030985882,0.0846023688663155,1.5291474,0.0881438617477036,0.0,1.1700447929400328,1.172979797979798,0.67703125
2018-01-01,126.2463,0.8136209365079365,10.800000000000002,6.099999999999999,23.7,0.0,0.0567199999999999,10.919876444282274,4.53402617548524,0.0,6.52385760337697,3.7868763962193297,-0.1690617075232658,1.4036558,0.0777656944172719,0.0,1.243048006214699,1.4033505154639174,0.5982539682539683
2018-04-01,127.0859,0.8397209047619048,10.800000000000002,6.099999999999999,23.7,0.0,0.05888,12.198886004637256,4.474380800409872,-0.0842459983151022,10.919876444282274,4.53402617548524,0.0,1.3425904,0.0348394035184003,0.0,1.1601128232214457,1.6709183673469388,0.4436363636363636
2018-07-01,128.6006,0.8599860461538462,10.800000000000002,6.0,23.7,0.0,0.05888,5.280493242278106,5.601221134124601,1.098901098901095,12.198886004637256,4.474380800409872,-0.0842459983151022,1.599668,0.0396945717518273,0.0,1.0308297830503577,1.8876262626262623,0.2590625
2018-10-01,130.3818,0.8757130151515151,10.699999999999998,6.0,23.600000000000005,0.0,0.1141799999999999,3.2421036334366,6.007650323128533,2.1168501270110163,5.280493242278106,5.601221134124601,1.098901098901095,1.8980562,0.053665021150895,0.0,1.0515088626276474,2.157828282828283,0.2416417910447761
2019-01-01,131.1792,0.8804931904761905,10.800000000000002,6.0,23.7,0.0,0.1301199999999999,1.7297770465447335,5.045805895649891,1.954120645709434,3.2421036334366,6.007650323128533,2.1168501270110163,2.1069744,0.0367841353780056,0.0,0.7619134447983896,2.375,0.1687301587301587
2019-04-01,132.4337,0.889950578125,10.9,6.0,24.2,0.0,0.07004,-0.6347930627680132,5.01744328155902,2.023608768971341,1.7297770465447335,5.045805895649891,1.954120645709434,1.3661740000000002,0.0250383316472713,0.0,0.5916032730867263,2.375,0.2072463768115942
2019-07-01,133.4876,0.8988693235294117,10.9,6.099999999999999,24.399999999999995,0.0,0.08136,3.689572309631228,4.822717183437186,2.006688963210723,-0.6347930627680132,5.01744328155902,2.023608768971341,1.7798972,0.0205624363013873,0.0,0.3644331799278014,2.183080808080808,0.1227142857142857
2019-10-01,137.1975,0.9037218787878788,10.9,6.099999999999999,24.2,0.0,0.07378,1.4112738084048226,4.474433980784176,1.326699834162537,3.689572309631228,4.822717183437186,2.006688963210723,1.4984693999999998,0.0204893178824211,0.0,0.3688932686949102,1.7058080808080809,0.1922058823529411
2020-01-01,138.1141,0.907079546875,11.0,6.0,24.8,0.0,0.13312,3.794404274269136,4.90990377155458,1.5833333333333588,1.4112738084048226,4.474433980784176,1.326699834162537,1.1736082,0.0148864961946056,0.0,0.3331981407760663,1.3035714285714286,0.2835483870967742
2020-04-01,140.0671,0.9083923125,11.199999999999998,6.0,26.399999999999995,0.0,0.2254799999999999,3.681755976416712,4.5963391846743695,1.81818181818183,3.794404274269136,4.90990377155458,1.5833333333333588,2.0628916,0.0084941669880185,1.0,0.2980636581285817,0.125,0.4861428571428571
2020-07-01,145.3409,0.8568643676470588,11.300000000000002,6.099999999999999,26.399999999999995,0.0,0.1416599999999999,3.8447092554864337,4.948036658367716,4.918032786885251,3.681755976416712,4.5963391846743695,1.81818181818183,0.8843843999999998,0.0496894687553941,1.0,0.2454440713382024,0.125,0.511
2020-10-01,149.3463,0.8388679104477612,11.199999999999998,6.099999999999999,26.0,0.0,0.096,8.597021306045448,4.844431354048018,6.301145662847785,3.8447092554864337,4.948036658367716,4.918032786885251,-0.5585238,0.0706841778046401,1.0,0.2084414411551041,0.125,0.7025
2021-01-01,148.7445,0.8300923492063491,11.300000000000002,6.099999999999999,25.8,0.0,0.04276,9.553604682460248,5.126350624692622,7.711238720262492,8.597021306045448,4.844431354048018,6.301145662847785,-0.1794395999999999,0.0700887051087632,1.0,0.3224411318290793,0.125,1.202063492063492
2021-04-01,152.7808,0.8300578307692308,11.1,6.099999999999999,24.399999999999995,0.0,0.0231,8.094831119334845,5.149818808355389,8.03571428571428,9.553604682460248,5.126350624692622,7.711238720262492,1.3800664,0.0252575601423914,1.0,0.5099529191506208,0.125,1.4245714285714286
2021-07-01,157.7869,0.8481445,11.1,6.099999999999999,24.2,0.0,0.04142,6.920585990717298,3.991672767036469,1.953125,8.094831119334845,5.149818808355389,8.03571428571428,2.1110782,0.0172597029368213,0.0,0.4029827149043161,0.125,1.1085714285714288
2021-10-01,160.595,0.8742624264705883,11.1,6.099999999999999,24.399999999999995,0.0,0.1067399999999999,3.480954913940515,4.365972355471248,0.0769822940723585,6.920585990717298,3.991672767036469,1.953125,3.811434,0.041793927124285,0.0,0.5105174515710229,0.125,1.0159420289855072
2022-01-01,158.4231,0.891717171875,11.1,6.099999999999999,24.3,0.0,0.1776,0.6213330486246171,5.617841216563213,-0.6092916984006158,3.480954913940515,4.365972355471248,0.0769822940723585,4.587495,0.0546761379553565,0.0,0.6724895038471105,0.1662371134020618,0.48765625
2022-04-01,157.0124,0.9384336461538462,11.1,6.099999999999999,24.100000000000005,0.0,0.19374,2.3127591872374342,5.278612737725874,-2.9301277235161627,0.6213330486246171,5.617841216563213,-0.6092916984006158,4.536509799999999,0.076021699254079,0.0,0.7932229738954341,0.798469387755102,0.1938235294117647
2022-07-01,153.4093,0.9923938676470588,11.1,6.0,24.2,0.494949494949495,0.34536,-0.5874468571997693,5.710338404971682,-1.6091954022988464,2.3127591872374342,5.278612737725874,-2.9301277235161627,6.4946166000000005,0.1058419931019827,0.0,0.6241115048761342,2.231060606060606,-0.2583098591549296
2022-10-01,142.6217,0.980986203125,11.1,6.0,24.600000000000005,1.7803030303030305,0.21054,-1.050379094383036,6.685249617083966,-0.4615384615384577,-0.5874468571997693,5.710338404971682,-1.6091954022988464,7.110009,0.0915418782109158,0.0,0.1806770644284596,3.678030303030303,-0.5617460317460318
2023-01-01,136.4207,0.9320697230769232,10.9,5.900000000000001,23.899999999999995,2.8350515463917527,0.2202,3.085635694223443,5.259004272487133,-1.839080459770115,-1.050379094383036,6.685249617083966,-0.4615384615384577,8.6768778,0.060345903958068,0.0,-0.2321047467684352,4.555412371134021,-0.699375
2023-04-01,133.1571,0.9186344677419356,10.800000000000002,5.8,23.7,3.665816326530612,0.19906,3.796499918265628,4.43810714865589,-2.244582043343646,3.085635694223443,5.259004272487133,-1.839080459770115,8.406074,0.0722741385600685,0.0,-0.304403246262971,5.028061224489796,-0.6675384615384615
2023-07-01,130.5617,0.9189894153846154,10.800000000000002,5.8,23.8,4.186868686868687,0.09906,5.781684104306994,3.869408475894587,-2.570093457943945,3.796499918265628,4.43810714865589,-2.244582043343646,6.7969172,0.0590928341362121,0.0,-0.4065859214477612,5.304292929292929,-0.7673846153846154
2023-10-01,127.8992,0.9303874285714284,10.800000000000002,5.8,23.899999999999995,4.5,0.0593999999999999,5.119403321369442,1.900998829205225,-4.559505409582698,5.781684104306994,3.869408475894587,-2.570093457943945,5.8326062,0.0144060569520697,0.0,-0.2817287686718749,5.375,-0.35765625
2024-01-01,,0.9210218253968254,,,,4.5,0.0375,2.52513631886766,1.43970960124431,-4.761904761904756,5.119403321369442,1.900998829205225,-4.559505409582698,3.6484224,0.011041097024722,0.0,-0.3448078718723077,5.375,-0.3263492063492063
2024-04-01,,0.9278103617021276,,,,4.5,0.0383,,,,2.52513631886766,1.43970960124431,-4.761904761904756,2.519272,0.0108365817276598,0.0,-0.3517077915877551,5.375,-0.3626923076923077
