date,resPropPrice,fx,dsrPnfs,dsrHousehold,dsrNfc,policyRate,UStermSpread,financialStressIndex,fx_std,bankCreditPnfs_yoy_L1,totalCreditPnfsLCY_yoy_L1,totalCreditPnfs2GDP_yoy_L1,bankCreditPnfs_yoy_L2,totalCreditPnfsLCY_yoy_L2,totalCreditPnfs2GDP_yoy_L2,cpi_yoy_L1,financialConditionIndex,EAtermspread,USpolicyRate,financialStressIndex_movingAverage,is_systemic_crisis
1948-07-01,,,,,,5.0,,,,,,,,,,,,,,,0.0
1948-10-01,,,,,,5.0,,,,,,,,,,,,,,,0.0
1949-01-01,,,,,,5.0,,,,,,,,,,,,,,,0.0
1949-04-01,,,,,,4.803191489361702,,,,,,,,,,,,,,,0.0
1949-07-01,,,,,,4.068421052631579,,,,,,,,,,,,,,,0.0
1949-10-01,,,,,,4.0,,,,,,,,,,,,,,,0.0
1950-01-01,,,,,,4.0,,,,133.813672922252,133.812472357364,,,,,,,,,,0.0
1950-04-01,,,,,,4.0,,,,125.70558937465415,125.73046018991967,,133.813672922252,133.812472357364,,-7.321533666666667,,,,,0.0
1950-07-01,,,,,,4.0,,,,102.66317397948046,102.67934312878131,,125.70558937465415,125.73046018991967,,-7.332302333333334,,,,,0.0
1950-10-01,,,,,,5.4526315789473685,,,,88.85361552028219,88.83975328755965,,102.66317397948046,102.67934312878131,,-5.631673333333333,,,,,0.0
1951-01-01,,,,,,6.0,,,,77.05317471692703,77.05476212995363,,88.85361552028219,88.83975328755965,,-4.441141333333333,,,,,0.0
1951-04-01,,,,,,6.0,,,,58.75934779943606,58.75738208882775,,77.05317471692703,77.05476212995363,,2.4963073333333337,,,,,0.0
1951-07-01,,,,,,6.0,,,,45.50840155105558,45.501066098081026,,58.75934779943606,58.75738208882775,,8.028597333333334,,,,,0.0
1951-10-01,,,,,,6.0,,,,36.6828539409787,36.685770629198245,,45.50840155105558,45.501066098081026,,9.196410666666669,,,,,0.0
1952-01-01,,,,,,6.0,,,,28.827005585687694,28.824786324786334,,36.6828539409787,36.685770629198245,,10.773619666666669,,,,,0.0
1952-04-01,,,,,,5.627659574468085,,,,32.65637065637066,32.65898899306971,,28.827005585687694,28.824786324786334,,7.619150333333333,,,,,0.0
1952-07-01,,,,,,4.773684210526316,,,,30.646235842771485,30.6467370066432,,32.65637065637066,32.65898899306971,,2.0217743333333336,,,,,0.0
1952-10-01,,,,,,4.5,,,,29.49576386990982,29.499549143372406,,30.646235842771485,30.6467370066432,,0.7370696666666667,,,,,0.0
1953-01-01,,,,,,4.037634408602151,,,,30.199824054291824,30.199867308011275,,29.49576386990982,29.499549143372406,,-1.5353153333333331,,,,,0.0
1953-04-01,,,,,,3.888297872340425,,,,27.78392223063044,27.787807782429997,,30.199824054291824,30.199867308011275,,-2.047518,,,,,0.0
1953-07-01,,2.147426,,,,3.5,,,,31.1009122329877,31.103716443580343,,27.78392223063044,27.787807782429997,,-1.3512643333333332,,,,,0.0
1953-10-01,,2.147426,,,,3.5,,,,29.92666068696248,29.92027295198969,,31.1009122329877,31.103716443580343,,-1.4609496666666668,,,,,0.0
1954-01-01,,2.147426,,,,3.5,,,,25.603281853281846,25.60591101627441,,29.92666068696248,29.92027295198969,,-2.1829566666666667,,,,,0.0
1954-04-01,,2.14744375,,,,3.265957446808511,,,1.7750000000112582e-05,24.243804664723022,24.243244055670775,,25.603281853281846,25.60591101627441,,-1.4606476666666666,,,,,0.0
1954-07-01,,2.146318049382716,,,,3.0,,,0.0011139929900184158,22.262079695738613,22.258662483958357,,24.243804664723022,24.243244055670775,,-0.316456,,,1.015252525252525,,0.0
1954-10-01,,2.147052725,,,,3.0,,,0.0010530993228674832,21.599999999999998,21.598735160918615,,22.262079695738613,22.258662483958357,,0.5331703333333334,,,0.9913131313131314,,0.0
1955-01-01,,2.148371833333333,,,,3.0,,,0.0017106786837879486,24.092219020172934,24.092902964071094,,21.599999999999998,21.598735160918615,,1.806366666666667,,,1.3518556701030928,,0.0
1955-04-01,,2.153155810810811,,,,3.0,,,0.006147815380013455,-9.019579086309303,24.213684312397188,,24.092219020172934,24.092902964071094,,1.830199,,,1.5094897959183675,,0.0
1955-07-01,,2.154775595238095,,,,3.309278350515464,,,0.007419540339590123,-8.490932871434131,25.001166316771652,,-9.019579086309303,24.213684312397188,,1.190476,,,1.929090909090909,,0.0
1955-10-01,,2.1552022222222225,,,,3.5,,,0.0062594550148977945,-9.125367352391123,24.15320536835841,,-8.490932871434131,25.001166316771652,,1.898734,,,2.3545454545454545,,0.0
1956-01-01,,2.1554317307692306,,,,3.7604166666666665,,,0.0020539808100966546,-10.834494503793158,21.818107517214603,,-9.125367352391123,24.15320536835841,,2.116254,,,2.4835714285714285,,0.0
1956-04-01,,2.151933054794521,,,,4.96875,,,0.003249278074264187,20.121705488836938,20.200623295675868,,-10.834494503793158,21.818107517214603,,2.112081,,,2.6933673469387758,,0.0
1956-07-01,,2.1431847375,,,,5.365979381443299,,,0.011458951407677708,19.84973152547611,19.6741807867433,,20.121705488836938,20.200623295675868,,3.68634275,,,2.8076767676767678,,0.0
1956-10-01,,2.144921875,,,,5.0,,,0.011567108401169535,17.040589456663536,16.83973232511493,,19.84973152547611,19.6741807867433,,2.5623775,,,2.934848484848485,,0.0
1957-01-01,,2.147956743589744,,,,4.5,,,0.0076703077853368514,13.706764828448392,13.556081115080755,,17.040589456663536,16.83973232511493,,1.84191525,,,2.937216494845361,,0.0
1957-04-01,,2.1481984246575343,,,,4.5,,,0.004862487788567074,12.203509242795318,12.08536565604188,,13.706764828448392,13.556081115080755,,2.07364125,,,3.0,,0.0
1957-07-01,,2.1479154939759035,,,,4.43298969072165,,,0.0031117048182590346,10.033681971281695,10.093402566621435,,12.203509242795318,12.08536565604188,,1.362263,,,3.220909090909091,,0.0
1957-10-01,,2.1481007848101266,,,,4.0,,,0.0002612630513121254,10.020880104243513,10.093582887700547,,10.033681971281695,10.093402566621435,,2.7254555,,,3.26010101010101,,0.0
1958-01-01,,2.148360474358974,,,,3.5894736842105264,,,0.00037221065381360475,10.608374309012625,10.634998005937879,,10.020880104243513,10.093582887700547,,2.33639425,,,1.85340206185567,,0.0
1958-04-01,,2.144033666666667,,,,3.473958333333333,,,0.004108165728323069,10.623570392740223,10.623256082927313,,10.608374309012625,10.634998005937879,,2.999423,,,0.8891836734693878,,0.0
1958-07-01,,2.1420469523809524,,,,3.0,,,0.006212531259784039,11.000776249688759,10.895983230411876,,10.623570392740223,10.623256082927313,,3.2085522500000003,,,1.275050505050505,,0.0
1958-10-01,,2.1389429620253164,,,,3.0,,,0.007890256156682889,11.024543378995455,10.891703924490814,,11.000776249688759,10.895983230411876,,1.251521,,,2.1405050505050505,,0.0
1959-01-01,,2.1369385857142857,,,,2.776315789473684,,,0.006323242091540158,11.812295500669578,11.619337525533702,,11.024543378995455,10.891703924490814,,1.0307135,,,2.574123711340206,,0.0
1959-04-01,,2.137389391891892,,,,2.75,,,0.004620871728863117,11.781877153861743,11.586967601970798,,11.812295500669578,11.619337525533702,,0.1457725,,,3.061224489795918,,0.0
1959-07-01,,2.138461234567901,,,,2.8221649484536084,,,0.0018559542345595555,12.848999841663588,12.760386732569584,,11.781877153861743,11.586967601970798,,-0.28797725,,,3.547979797979798,,0.0
1959-10-01,,2.134077194805195,,,,3.762886597938144,,,0.0037438191097763553,15.29702079531139,15.266111671084225,,12.848999841663588,12.760386732569584,,1.38894875,,,3.992424242424242,,0.0
1960-01-01,,2.1322190526315787,,,,4.0,,,0.005787608505380431,17.655484078084662,17.576910195684437,,15.29702079531139,15.266111671084225,,2.1861825,,,3.936224489795918,,0.0
1960-04-01,,2.132087,,,,4.302083333333333,,,0.00595109266973924,18.760049810791536,18.68053359568065,,17.655484078084662,17.576910195684437,,2.0348835000000003,,,3.7066326530612246,,0.0
1960-07-01,,2.1320888888888887,,,,5.0,,,0.0019494710549602357,19.03514720669739,18.953878216745213,,18.760049810791536,18.68053359568065,,2.249137,,,2.9545454545454546,,0.0
1960-10-01,,2.1327163375,,,,4.4646464646464645,,,0.0005976157501345248,17.23815044366166,17.128545056083944,,19.03514720669739,18.953878216745213,,1.29228025,,,2.310606060606061,,0.0
1961-01-01,,2.1040131351351348,,,,3.608247422680413,,,0.028290477928726368,3.076288025074869,12.425355293543161,,17.23815044366166,17.128545056083944,,0.914952,,,2.0168041237113403,,0.0
1961-04-01,,2.030462833333333,,,,3.1989795918367347,,,0.0962735627329392,4.010994604499651,12.968134763601192,,3.076288025074869,12.425355293543161,,1.652273,,,1.6811224489795915,,0.0
1961-07-01,,2.0398088656716418,,,,3.0,,,0.09921464054403195,3.9067769417650666,13.621907790748612,,4.010994604499651,12.968134763601192,,1.7587886,,,1.6792929292929293,,0.0
1961-10-01,,2.0448815,,,,3.0,,,0.06670672948105204,3.578899326817031,13.950873312134204,,3.9067769417650666,13.621907790748612,,2.6078418,,,2.361111111111111,,0.0
1962-01-01,,2.0436762424242425,,,,3.0,,,0.013063706933297762,14.305398122569212,15.906725905549578,5.747126436781613,3.578899326817031,13.950873312134204,,2.6596886,,,2.435567010309278,,0.0
1962-04-01,,2.0434828666666665,,,,3.0,,,0.0043830248495968305,12.005481060976809,14.606810280063588,5.374592833876224,14.305398122569212,15.906725905549578,5.747126436781613,3.2492996,,,2.6096938775510203,,0.0
1962-07-01,,2.042278727272727,,,,3.0,,,0.0021310123852214184,11.689302032456261,14.1358272995441,5.128205128205132,12.005481060976809,14.606810280063588,5.374592833876224,3.4612902,,,2.840909090909091,,0.0
1962-10-01,,2.04686068115942,,,,3.0,,,0.003915140554666037,10.981371325059364,13.414111347477586,3.937007874015741,11.689302032456261,14.1358272995441,5.128205128205132,2.5414366,,,2.928181818181818,,0.0
1963-01-01,,2.045851953846154,,,,3.0,,,0.0042131515064744735,11.008580505329402,13.325578490459966,4.192546583850909,10.981371325059364,13.414111347477586,3.937007874015741,2.4807238,,,2.968144329896908,,0.0
1963-04-01,,2.038511841269841,,,,3.0,,,0.007583965335968733,11.059456814289192,13.077480086893555,4.945904173106652,11.008580505329402,13.325578490459966,4.192546583850909,3.1467336,,,2.9670408163265303,,0.0
1963-07-01,,2.0360472916666668,,,,3.0,,,0.010704091249771636,11.133995023219345,12.838115656847492,5.640243902439024,11.059456814289192,13.077480086893555,4.945904173106652,3.0188678,,,3.328686868686869,,0.0
1963-10-01,,2.032980188405797,,,,3.0,,,0.010981367692697244,10.694355603590889,12.130656491816127,5.606060606060614,11.133995023219345,12.838115656847492,5.640243902439024,2.3173498,,,3.452222222222222,,0.0
1964-01-01,,2.0320421129032256,,,,3.0,,,0.005912110121935671,10.637410133515912,12.037668519781475,5.514157973174361,10.694355603590889,12.130656491816127,5.606060606060614,3.2810490000000003,,,3.4618367346938776,,0.0
1964-04-01,,2.031928212121212,,,,3.0,,,0.0038477269819270203,9.839591267218516,11.726838869715262,3.092783505154628,10.637410133515912,12.037668519781475,5.514157973174361,2.4208096,,,3.4887755102040816,,0.0
1964-07-01,,2.0324255833333336,,,,3.0,,,0.0009489691987305534,9.641288619227751,11.784150285331329,2.4531024531024626,9.839591267218516,11.726838869715262,3.092783505154628,1.989138,,,3.452020202020202,,0.0
1964-10-01,,2.0328044857142857,,,,3.0,,,0.0007958299251756168,10.156818204461459,12.292016486032708,2.7259684361549352,9.641288619227751,11.784150285331329,2.4531024531024626,2.6857382000000003,,,3.5798989898989904,,0.0
1965-01-01,,2.0337382153846155,,,,3.381443298969072,,,0.0015307695624856754,9.938596915341114,12.1634334552833,2.259887005649719,10.156818204461459,12.292016486032708,2.7259684361549352,2.18713,,,3.9788659793814434,,0.0
1965-04-01,,2.037932696969697,,,,3.5,,,0.0050648773616521255,10.693136449597862,12.692685928723568,3.571428571428581,9.938596915341114,12.1634334552833,2.259887005649719,2.0544458,,,4.083061224489796,,0.0
1965-07-01,,2.049865,,,,3.757575757575758,,,0.015687343761522733,10.553198977512679,12.73349593401283,3.3802816901408628,10.693136449597862,12.692685928723568,3.571428571428581,2.8737726,,,4.0798989898989895,,0.0
1965-10-01,,2.0465615555555554,,,,4.0,,,0.014942720772313652,9.92307727093895,12.270744831492486,2.7932960893854775,10.553198977512679,12.73349593401283,3.3802816901408628,3.846154,,,4.172929292929293,,0.0
1966-01-01,,2.052042121212121,,,,4.0,,,0.012404328685861011,9.668141398327057,11.852513745977621,2.4861878453038555,9.92307727093895,12.270744831492486,2.7932960893854775,4.0270684,,,4.561340206185567,,0.0
1966-04-01,,2.051784369230769,,,,4.377551020408164,,,0.005056922611631189,9.481118440637303,11.665158710188607,2.4827586206896513,9.668141398327057,11.852513745977621,2.4861878453038555,4.0765644000000005,,,4.906020408163266,,0.0
1966-07-01,,2.040551917808219,,,,5.0,,,0.010827269642950978,9.22913882873333,10.921380108020994,2.588555858310615,9.481118440637303,11.665158710188607,2.4827586206896513,4.2409496,,,5.416969696969697,,0.0
1966-10-01,,2.033521846153846,,,,5.0,,,0.018112623775904165,8.671021993302407,10.064374867567372,2.1739130434782705,9.22913882873333,10.921380108020994,2.588555858310615,3.1111114,,,5.565656565656566,,0.0
1967-01-01,,2.0323034615384614,,,,4.304123711340206,,,0.01787117677511895,7.194129205598121,8.283751065977896,1.7520215633423097,8.671021993302407,10.064374867567372,2.1739130434782705,2.8412602,,,4.793814432989691,,0.0
1967-04-01,,2.033348435483871,,,,3.311224489795918,,,0.007570900403862649,5.675374266540056,6.282602025161088,1.8842530282638048,7.194129205598121,8.283751065977896,1.7520215633423097,2.5630824,,,3.9992857142857146,,0.0
1967-07-01,,2.045684925373134,,,,3.0,,,0.012672799692253385,4.6194672618363075,5.062448502679029,2.257636122177953,5.675374266540056,6.282602025161088,1.8842530282638048,1.770335,,,3.879292929292929,,0.0
1967-10-01,,2.04155175,,,,3.0,,,0.01293899628870322,4.76053469417117,5.0535608696249845,3.856382978723394,4.6194672618363075,5.062448502679029,2.257636122177953,1.8197884,,,4.16959595959596,,0.0
1968-01-01,,2.044411409090909,,,,3.0,,,0.011086859630082806,6.0693576746099875,6.459672309224218,5.033112582781452,4.76053469417117,5.0535608696249845,3.856382978723394,1.336202,,,4.789591836734694,,0.0
1968-04-01,,2.038188761904762,,,,3.0,,,0.006660984065926165,6.8983648127085795,7.34031035727174,5.019815059445176,6.0693576746099875,6.459672309224218,5.033112582781452,1.461598,,,5.979081632653061,,0.0
1968-07-01,,2.044892694444444,,,,3.0,,,0.00617912976391319,7.719968329838878,8.580277546390658,4.415584415584428,6.8983648127085795,7.34031035727174,5.019815059445176,1.3165426,,,5.945353535353536,,0.0
1968-10-01,,2.036848,,,,3.0,,,0.008318966148871699,8.35049832686483,9.397525175838183,2.94494238156211,7.719968329838878,8.580277546390658,4.415584415584428,1.270263,,,5.903737373737374,,0.0
1969-01-01,,2.052022888888889,,,,3.0,,,0.013951791494352668,10.386408684672777,11.933064639559209,3.783102143757877,8.35049832686483,9.397525175838183,2.94494238156211,1.6451809999999998,,,6.509896907216495,,0.0
1969-04-01,,2.0469278571428573,,,,3.928571428571429,,,0.012616639674563807,11.4768509474507,13.682591447014513,3.5220125786163514,10.386408684672777,11.933064639559209,3.783102143757877,1.533265,,,8.289795918367346,,0.0
1969-07-01,,2.0384031142857144,,,,5.212121212121212,,,0.01435766929516063,11.607395031186929,13.655190425084784,2.487562189054726,11.4768509474507,13.682591447014513,3.5220125786163514,1.9489556,,,8.972323232323232,,0.0
1969-10-01,,1.8968024492753623,,,,6.0,,,0.1494053771255549,12.153391543320646,14.147316193773275,2.3631840796019876,11.607395031186929,13.655190425084784,2.487562189054726,2.0901094,,,8.887676767676767,,0.0
1970-01-01,118.9989,1.8831407049180329,,,,6.371134020618556,,0.07554,0.17680530527013552,15.841754983497491,15.3653904588271,2.916160388821387,12.153391543320646,14.147316193773275,2.3631840796019876,1.989274,,,8.49938144329897,,0.0
1970-04-01,123.27,1.8600883787878788,,,,7.5,,0.10604,0.16126508710851584,15.414752600418025,14.502975860411826,1.8226002430133725,15.841754983497491,15.3653904588271,2.916160388821387,2.929191,,,7.882755102040816,,0.0
1970-07-01,124.339,1.8566152777777776,,,,7.085858585858586,,0.10064,0.03828248267477283,15.830040489779984,14.855306620709463,1.3349514563106624,15.414752600418025,14.502975860411826,1.8226002430133725,3.3682954,,,6.698686868686869,,0.0
1970-10-01,124.7133,1.8589155285714287,,,,6.616161616161616,,0.0587599999999999,0.024769580510373684,14.827194490207374,14.103921424752874,0.6075334143377908,15.830040489779984,14.855306620709463,1.3349514563106624,3.503313400000001,,,5.577474747474748,,0.0
1971-01-01,125.7255,1.857594047619048,,,,6.0,,0.06502,0.0030361791921809556,9.975038958531579,11.554188862623205,-1.2987012987013102,14.827194490207374,14.103921424752874,0.6075334143377908,3.945319,,,3.850824742268041,,0.0
1971-04-01,129.8376,1.8261045714285715,,,,5.0,,0.06414,0.03165988354017933,9.517005400950062,11.074378030748179,-1.7899761336515496,9.975038958531579,11.554188862623205,-1.2987012987013102,4.2678824,,,4.551020408163265,,0.0
1971-07-01,130.5305,1.750598076923077,,,,5.0,,0.07232,0.10157416193856288,10.623210074123968,10.872317479172855,-0.8383233532934131,9.517005400950062,11.074378030748179,-1.7899761336515496,4.9756498,,,5.473535353535354,,0.0
1971-10-01,129.7476,1.6918204705882351,,,,4.525252525252525,,0.10192,0.14956476986573988,14.414685057518906,12.484918637196007,0.9661835748792313,10.623210074123968,10.872317479172855,-0.8383233532934131,5.758242,,,4.749292929292929,,0.0
1972-01-01,129.7109,1.634253106060606,,,,3.612244897959184,,0.02908,0.1641598772791758,16.344603253822743,13.388799036679377,2.2727272727272707,14.414685057518906,12.484918637196007,0.9661835748792313,5.760006199999999,,,3.526530612244898,,0.0
1972-04-01,131.4522,1.6234663484848486,,,,3.0,,0.02808,0.11726903148077132,18.736151513275946,14.172605829486894,3.645200486026723,16.344603253822743,13.388799036679377,2.2727272727272707,5.4166618,,,4.302142857142857,,0.0
1972-07-01,131.0397,1.6262393384615383,,,,3.0,,0.02672,0.06448626841362365,18.727127363406648,14.885176570099379,4.710144927536231,18.736151513275946,14.172605829486894,3.645200486026723,4.9499048000000005,,,4.734545454545454,,0.0
1972-10-01,129.8337,1.6375672096774194,,,,3.919191919191919,,0.0500199999999999,0.013246412331638983,15.35444121015679,13.74910503548552,3.947368421052655,18.727127363406648,14.885176570099379,4.710144927536231,5.3613236,,,5.136161616161616,0.06485666666666665,0.0
1973-01-01,128.8482,1.53609821875,,,,4.93298969072165,,0.0911,0.09378950208154056,15.580876995572357,14.305049805696623,4.093567251461994,15.35444121015679,13.74910503548552,3.947368421052655,6.1464928,,,6.534226804123712,0.06615333333333331,0.0
1973-04-01,132.1882,1.3995453333333332,,,,5.928571428571429,,0.14492,0.22003103898011311,19.459972268846236,15.453508620075173,4.572098475967179,15.580876995572357,14.305049805696623,4.093567251461994,6.3910496000000006,,,7.817755102040816,0.06939333333333332,0.0
1973-07-01,132.1987,1.22456328125,,,,7.0,,0.40674,0.35769728401946554,25.119597566963627,14.994269502710633,3.2295271049596286,19.459972268846236,15.453508620075173,4.572098475967179,7.1537848,,,10.553232323232322,0.09490166666666665,0.0
1973-10-01,129.7299,1.2972199850746269,,,,7.0,,0.45326,0.27026635650830794,24.953838969132434,15.008448250278805,2.9919447640966323,25.119597566963627,14.994269502710633,3.2295271049596286,7.1022486,,,10.035353535353536,0.12777666666666665,0.0
1974-01-01,129.4368,1.389649238095238,,,,7.0,,0.37614,0.16559253678898275,16.49775635884827,12.894851896382109,1.2359550561797494,24.953838969132434,15.008448250278805,2.9919447640966323,7.0324878,,,9.344845360824742,0.15370333333333333,0.0
1974-04-01,132.5986,1.281456542857143,,,,7.0,,0.37444,0.13695075173438084,12.815916611977606,10.856967713767851,0.5605381165919354,16.49775635884827,12.894851896382109,1.2359550561797494,7.452887800000001,,,11.243265306122447,0.17956166666666665,0.0
1974-07-01,132.6047,1.3328860694444444,,,,7.0,,0.34798,0.09597992033392155,4.670488528807315,9.97767657064319,0.893854748603351,12.815916611977606,10.856967713767851,0.5605381165919354,7.1624994,,,12.127474747474746,0.20253333333333332,1.0
1974-10-01,130.0796,1.2969063636363636,,,,6.565656565656566,,0.51318,0.0961027050923323,2.6677093785970607,9.268981935244902,0.893854748603351,4.670488528807315,9.97767657064319,0.893854748603351,6.924493200000001,,,9.33939393939394,0.23680499999999996,1.0
1975-01-01,128.1796,1.1952873,,,,5.582474226804123,,0.41398,0.11670936303294054,10.645171618852455,8.3508814393481,0.8879023307436729,2.6677093785970607,9.268981935244902,0.893854748603351,6.72242,,,6.257319587628866,0.26887999999999995,0.0
1975-04-01,127.2637,1.2041284307692308,,,,4.790816326530612,,0.22808,0.13640483204366352,7.848685645682085,7.187966814058067,0.557413600891854,10.645171618852455,8.3508814393481,0.8879023307436729,5.9452852,,,5.472755102040817,0.28554666666666667,0.0
1975-07-01,126.3972,1.2982026805555555,,,,4.151515151515151,,0.15468,0.11321891034630117,7.457216268453681,6.118552039711389,0.5537098560354448,7.848685645682085,7.187966814058067,0.557413600891854,6.1950778,,,6.157777777777778,0.29621000000000003,0.0
1975-10-01,125.2817,1.3291182352941175,,,,3.5,,0.0934199999999999,0.13417482081559096,2.7912675190313596,5.291082878967646,0.7751937984496138,7.457216268453681,6.118552039711389,0.5537098560354448,6.1316474,,,5.433535353535353,0.29982666666666663,0.0
1976-01-01,123.4513,1.3161375846153844,,,,3.5,,0.10868,0.11323190930391015,0.8365960870106104,6.561835653465686,2.2002200220021972,2.7912675190313596,5.291082878967646,0.7751937984496138,5.5125972,,,4.841122448979592,0.3012916666666667,0.0
1976-04-01,123.8931,1.3072759242424243,,,,3.5,0.7960869565217391,0.11722,0.026355701015864437,1.6316307413347442,6.754936163895486,1.5521064301551757,0.8365960870106104,6.561835653465686,2.2002200220021972,5.210437000000001,,,5.195102040816327,0.2989833333333333,0.0
1976-07-01,124.4358,1.2959055555555556,,,,3.5,1.083142857142857,0.13368,0.02808211321614204,3.0185519324514187,8.006978173093815,1.211453744493407,1.6316307413347442,6.754936163895486,1.5521064301551757,4.4923924,,,5.291111111111111,0.27622833333333335,0.0
1976-10-01,125.3169,1.2328727464788731,,,,3.5,1.4511764705882353,0.11712,0.07540811286995798,12.252134551915228,8.929701885058794,0.7692307692307665,3.0185519324514187,8.006978173093815,1.211453744493407,3.700202200000001,,,4.878686868686869,0.24821666666666667,0.0
1977-01-01,124.4579,1.2245661363636364,,,,3.5,1.3303076923076922,0.07812,0.08492638906465294,13.321404588214424,8.690130338853063,-0.10764262648010892,12.252134551915228,8.929701885058794,0.7692307692307665,3.7085056,,,4.651546391752577,0.22338166666666667,0.0
1977-04-01,125.7061,1.2083821212121213,,,,3.5,1.2584057971014493,0.04648,0.07671052112539292,11.441024859273806,8.782838299891726,0.10917030567687558,13.321404588214424,8.690130338853063,-0.10764262648010892,3.8735808,,,5.155510204081633,0.19605166666666665,0.0
1977-07-01,127.2199,1.1817673285714283,,,,3.5,0.8442857142857143,0.0539599999999999,0.04502799765781229,13.046820028560123,8.748734410819559,0.761697497279612,11.441024859273806,8.782838299891726,0.10917030567687558,3.7325276,,,5.817171717171717,0.17155,0.0
1977-10-01,128.4225,1.1367657258064514,,,,3.414141414141414,0.4538709677419354,0.06266,0.0767354153753569,10.880368834150556,8.53192393780593,1.308615049073092,13.046820028560123,8.748734410819559,0.761697497279612,3.943971,,,6.513636363636364,0.13400666666666664,0.0
1978-01-01,129.0396,1.0612216461538462,,,,3.0,0.4666666666666666,0.0938,0.12878505926422795,14.054738494849639,8.632123386308699,1.7241379310344973,10.880368834150556,8.53192393780593,1.308615049073092,3.5138774,,,6.7586597938144335,0.10732499999999999,0.0
1978-04-01,130.7871,1.0618214262295085,,,,3.0,0.3209230769230769,0.13242,0.11869757233591659,16.46853040566214,8.037621822702512,1.1995637949836269,14.054738494849639,8.632123386308699,1.7241379310344973,3.0257684,,,7.284183673469388,0.09935333333333331,0.0
1978-07-01,133.4952,1.026685765625,,,,3.0,0.0156923076923076,0.19232,0.09285967023656794,14.394949166387416,8.004583477994176,1.1879049676026154,16.46853040566214,8.037621822702512,1.1995637949836269,2.9335534,,,8.101414141414141,0.10248999999999998,0.0
1978-10-01,135.0917,0.9596126451612904,,,,3.0,-0.5157142857142858,0.1339999999999999,0.09608577578573357,18.295762120183245,8.477005998834208,0.8611410118406715,14.394949166387416,8.004583477994176,1.1879049676026154,2.5896818,,,9.573636363636362,0.10587166666666666,0.0
1979-01-01,135.4543,0.9486389393939394,,,,3.927835051546392,-0.6878124999999999,0.1505399999999999,0.10832352420963214,17.714401173240613,8.76409082637084,1.1652542372881047,18.295762120183245,8.477005998834208,0.8611410118406715,2.4631016,,,10.106082474226804,0.10935999999999997,0.0
1979-04-01,138.5403,0.9693555081967212,,,,5.158163265306122,-0.47796875,0.12734,0.06957344036247802,15.586261496149746,10.004333633581663,2.478448275862055,17.714401173240613,8.76409082637084,1.1652542372881047,2.877255,,,10.192244897959185,0.1102033333333333,0.0
1979-07-01,139.5638,0.929169106060606,,,,5.929292929292929,-0.43375,0.06054,0.03447391391080096,18.428234398700983,10.80405523257908,2.5613660618996503,15.586261496149746,10.004333633581663,2.478448275862055,3.2018314000000005,,,10.943939393939395,0.10410833333333332,0.0
1979-10-01,139.3361,0.9032467536231884,,,,6.636363636363637,-1.0846268656716418,0.0494,0.05635004840523409,17.83561665986184,10.518803726191205,2.3479188900747294,18.428234398700983,10.80405523257908,2.5613660618996503,4.491156999999999,,,13.602929292929293,0.09846499999999997,0.0
1980-01-01,139.2642,0.9062087846153846,,,,7.520408163265306,-1.2695238095238095,0.14454,0.061048454502157935,14.5323658230188,10.313582309234693,1.9895287958115349,17.83561665986184,10.518803726191205,2.3479188900747294,5.247448,,,15.07,0.10399999999999998,0.0
1980-04-01,140.2524,0.9319558615384615,,,,9.13265306122449,0.0895652173913043,0.25792,0.030015602597126743,8.765700414914335,10.148209001179186,1.051524710830698,14.5323658230188,10.313582309234693,1.9895287958115349,5.275665,,,12.835408163265308,0.12161999999999996,0.0
1980-07-01,141.2909,0.9072372876712328,,,,9.434343434343434,0.6292857142857142,0.21314,0.02660757128781794,12.53768472283905,9.676051262503748,1.352757544224814,8.765700414914335,10.148209001179186,1.051524710830698,5.892431,,,9.862525252525252,0.13488499999999998,0.0
1980-10-01,142.5771,0.97142215942029,,,,9.0,-0.7635820895522387,0.41712,0.06111477826193536,6.9107029830853595,9.332492786654733,2.085505735140769,12.53768472283905,9.676051262503748,1.352757544224814,5.253187800000001,,,15.822525252525253,0.16442333333333334,0.0
1981-01-01,141.5936,1.0664078412698412,,,,9.0,-0.6159016393442623,0.4008,0.13990851066197163,2.983765712427089,10.159507235475118,3.901437371663219,6.9107029830853595,9.332492786654733,2.085505735140769,5.040994,,,16.695979381443298,0.19000666666666666,0.0
1981-04-01,143.2212,1.1578651666666666,,,,9.0,-0.8818571428571428,0.29954,0.2194060267330137,6.200142209858162,10.874315205609197,6.243496357960465,2.983765712427089,10.159507235475118,3.901437371663219,5.807466,,,17.76112244897959,0.20393333333333333,0.0
1981-07-01,142.3338,1.2425682222222223,,,,9.0,-1.1655714285714287,0.2484799999999999,0.23371991206495515,-5.27656086328121,10.253983165845826,6.262833675564661,6.200142209858162,10.874315205609197,6.243496357960465,5.8063744,,,17.642929292929296,0.20861333333333332,0.0
1981-10-01,140.0288,1.1501081142857144,,,,9.0,0.104776119402985,0.2411,0.143974892406824,-2.7654704861654222,10.365591749265812,6.230847803881501,-5.27656086328121,10.253983165845826,6.262833675564661,6.565127,,,13.666060606060606,0.2175383333333333,0.0
1982-01-01,138.2868,1.2003634307692308,,,,9.0,-0.2406349206349206,0.1825,0.0854333946219515,0.4145077720207224,8.498615280940115,3.9525691699604737,-2.7654704861654222,10.365591749265812,6.230847803881501,7.2676434,,,14.20721649484536,0.22020166666666666,0.0
1982-04-01,136.7363,1.2179644328358208,,,,9.0,-0.2213043478260869,0.0954199999999999,0.07826309157613391,-0.8460439483462645,6.902717026914851,2.0568070519099146,0.4145077720207224,8.498615280940115,3.9525691699604737,6.1906186,,,14.54642857142857,0.21754166666666663,0.0
1982-07-01,135.1869,1.2680442916666663,,,,8.626262626262626,0.4378571428571428,0.08706,0.09736102095352515,3.8892760402069237,6.413381904563131,1.6425120772946888,-0.8460439483462645,6.902717026914851,2.0568070519099146,5.2070506000000005,,,11.107676767676768,0.21975166666666665,0.0
1982-10-01,133.6146,1.2794233888888888,,,,6.929292929292929,0.7586764705882354,0.0845399999999999,0.07649760470473024,1.483485386254002,6.296407929734404,2.115384615384608,3.8892760402069237,6.413381904563131,1.6425120772946888,5.2097482,,,9.335555555555556,0.22267999999999996,0.0
1983-01-01,132.7529,1.2319002923076925,,,,5.845360824742268,1.0169230769230768,0.08368,0.0582343569003225,2.78741288588209,6.197626598929884,2.756653992395419,1.483485386254002,6.296407929734404,2.115384615384608,4.7222914000000005,,,8.727835051546393,0.2176083333333333,0.0
1983-04-01,133.0032,1.272611193548387,,,,5.0,0.7940625,0.09804,0.042500813050640684,4.6283373325326504,5.436212097338133,2.303262955854102,2.78741288588209,6.197626598929884,2.756653992395419,4.0955998,,,8.824591836734694,0.20428499999999997,0.0
1983-07-01,131.9363,1.3486086438356164,,,,5.116161616161616,0.7766197183098592,0.1170399999999999,0.09685948492948318,4.148834115914379,5.625686225743243,2.2813688212927508,4.6283373325326504,5.436212097338133,2.303262955854102,3.5292296,,,9.46979797979798,0.19627666666666663,0.0
1983-10-01,130.0562,1.3690213181818185,,,,5.5,0.9961290322580644,0.13358,0.12853999946698652,4.3688961261207915,5.6721232206835115,1.6949152542372836,4.148834115914379,5.625686225743243,2.2813688212927508,3.0230772000000004,,,9.457575757575755,0.1726483333333333,0.0
1984-01-01,127.7647,1.3816961492537314,,,,5.5,1.03046875,0.15342,0.09771073597560564,0.9056970365555861,5.977682179941546,0.9250693802035137,4.3688961261207915,5.6721232206835115,1.6949152542372836,2.7148348,,,9.686122448979592,0.1520333333333333,0.0
1984-04-01,126.4926,1.386623475409836,,,,5.5,0.8496923076923076,0.09318,0.033918301516035324,4.610460017477069,6.720596839400139,0.9380863039399667,0.9056970365555861,5.977682179941546,0.9250693802035137,2.7400464,,,10.564489795918366,0.13483666666666663,0.0
1984-07-01,125.6981,1.4904909393939394,,,,5.5,0.35984375,0.1440799999999999,0.11236012213471085,3.215852549564624,6.326872457525723,0.8364312267658214,4.610460017477069,6.720596839400139,0.9380863039399667,2.8692684,,,11.395454545454546,0.12613666666666665,0.0
1984-10-01,124.43940000000002,1.5592379420289857,,,,5.5,0.8838805970149254,0.14636,0.17194187740682643,1.207665685983561,6.240743582766606,0.6481481481481532,3.215852549564624,6.326872457525723,0.8364312267658214,2.0571192,,,9.31858585858586,0.11824166666666665,0.0
1985-01-01,122.8323,1.6644549384615386,,,,5.651546391752578,1.30758064516129,0.1040799999999999,0.23369122484119256,0.5247520191628441,5.630976466781146,0.6416131989001039,1.207665685983561,6.240743582766606,0.6481481481481532,2.1146322,,,8.492268041237113,0.11170666666666662,0.0
1985-04-01,121.84340000000002,1.579314507692308,,,,5.554591836734694,1.4069565217391304,0.07138,0.14329669385211227,-0.15963782403213278,6.02371595042277,1.9516728624535462,0.5247520191628441,5.630976466781146,0.6416131989001039,2.2564326,,,7.96030612244898,0.1097033333333333,0.0
1985-07-01,122.3284,1.4632058472222222,,,,4.844444444444444,1.4465217391304348,0.05874,0.16525450954257567,2.544508040296667,5.613989287482557,1.0138248847926024,-0.15963782403213278,6.02371595042277,1.9516728624535462,2.3812672,,,7.935353535353536,0.10734333333333329,0.0
1985-10-01,122.0951,1.3258571142857145,,,,4.568181818181818,1.2491176470588234,0.11284,0.29381690554987067,10.215784924686533,4.3966415688276195,0.09199632014718073,2.544508040296667,5.613989287482557,1.0138248847926024,2.1054568,,,8.019191919191918,0.10970166666666664,0.0
1986-01-01,121.9063,1.2025284262295082,,,,4.458762886597938,0.7893333333333333,0.16978,0.32747365290714536,16.281375180909684,4.6972660826579915,0.2732240437158362,10.215784924686533,4.3966415688276195,0.09199632014718073,1.5755136,,,7.615979381443299,0.11687666666666664,0.0
1986-04-01,122.8822,1.151786393939394,,,,4.347959183673469,0.6098571428571429,0.18456,0.2780196653464913,17.700321139262588,4.188057281815727,-0.8204193254330083,16.281375180909684,4.6972660826579915,0.2732240437158362,0.9823708,,,6.920112244897959,0.12408666666666664,0.0
1986-07-01,123.2271,1.069852191780822,,,,4.35,0.8342857142857143,0.22052,0.21442951587724618,20.51233327837252,4.293082330318532,-0.9124087591240837,17.700321139262588,4.188057281815727,-0.8204193254330083,0.0,,,6.218434343434343,0.13270999999999997,0.0
1986-10-01,122.9874,1.0264614347826089,,,,4.437878787878788,0.9919117647058824,0.2486,0.15861866133324365,18.84630075898879,4.3936519255175055,-0.9191176470588203,20.51233327837252,4.293082330318532,-0.9124087591240837,-0.3325948,,,5.875,0.14229499999999998,0.0
1987-01-01,121.5717,0.940542,,,,4.125773195876288,0.8442622950819673,0.41178,0.17609636150552202,16.00001576317407,3.250355813330841,-2.179836512261557,18.84630075898879,4.3936519255175055,-0.9191176470588203,-0.8640824,,,5.992268041237113,0.16382499999999997,0.0
1987-04-01,121.1573,0.9240648636363636,,,,3.669897959183673,0.8948571428571429,0.25182,0.13904019996313943,16.48277954302322,2.905061445256041,-2.022058823529427,16.00001576317407,3.250355813330841,-2.179836512261557,-0.617737,,,6.448979591836735,0.17704499999999998,0.0
1987-07-01,121.1435,0.9395319444444444,,,,3.5929292929292926,1.0224285714285717,0.20134,0.09297972927830332,12.071692565942538,2.3688684025564344,-2.0257826887660757,16.48277954302322,2.905061445256041,-2.022058823529427,0.0221484,,,6.823232323232324,0.18181666666666665,0.0
1987-10-01,121.479,0.8767315774647888,,,,3.528787878787879,1.1332352941176471,0.22628,0.059910608188023275,8.678124686016918,3.38686174122913,-0.4638218923933235,12.071692565942538,2.3688684025564344,-2.0257826887660757,0.4895324,,,7.009469696969697,0.18847666666666663,0.0
1988-01-01,121.05400000000002,0.8573504393939394,,,,3.25,1.05875,0.1435799999999999,0.07746784138933241,14.62068168924131,3.3405507212169505,0.09285051067779992,8.678124686016918,3.38686174122913,-0.4638218923933235,0.9387725999999998,,,6.621811224489796,0.19176833333333332,0.0
1988-04-01,121.6456,0.8739936935483871,,,,3.2755102040816326,1.0340625,0.09,0.07223358089270687,8.58597433929158,3.8612227151587186,-0.09380863039397669,14.62068168924131,3.3405507212169505,0.09285051067779992,0.9328894,,,7.008928571428571,0.19332000000000002,0.0
1988-07-01,122.3705,0.95279698630137,,,,4.088383838383838,0.6491549295774648,0.1445,0.08517838363659826,4.954230697430972,4.401448228235649,0.46992481203007586,8.58597433929158,3.8612227151587186,-0.09380863039397669,1.085002,,,7.89330808080808,0.20046666666666665,0.0
1988-10-01,122.2532,0.9067209545454544,,,,4.4944444444444445,0.2492063492063491,0.06834,0.0841199981279952,3.122266327425449,3.9051377927673325,-0.6523765144454963,4.954230697430972,4.401448228235649,0.46992481203007586,1.2619692,,,8.297348484848484,0.19675833333333334,0.0
1989-01-01,121.3874,0.945922,,,,5.572164948453608,-0.2052380952380952,0.06916,0.07339777910764733,-0.8767197994036691,4.731462469692271,-0.4638218923933235,3.122266327425449,3.9051377927673325,-0.6523765144454963,1.5942682,,,9.313144329896907,0.1883733333333333,0.0
1989-04-01,121.3138,0.990068888888889,,,,6.222448979591836,-0.186060606060606,0.06018,0.06829350575299957,-1.1560848337525131,5.2461886001429425,-0.28169014084507005,-0.8767197994036691,4.731462469692271,-0.4638218923933235,2.376676,,,9.713647959183673,0.17800833333333332,0.0
1989-07-01,122.9987,0.9836045373134328,,,,6.6893939393939394,0.0224615384615384,0.06392,0.07703980503935484,2.445964286720259,5.6200370728365145,-0.2806361085126663,-1.1560848337525131,5.2461886001429425,-0.28169014084507005,2.9135494,,,9.153409090909092,0.16495833333333332,0.0
1989-10-01,124.1484,0.9280410769230768,,,,7.291919191919192,0.0559375,0.14842,0.05962433579257657,6.898039602216266,6.0746284022128005,0.0,2.445964286720259,5.6200370728365145,-0.2806361085126663,2.7765778,,,8.633838383838384,0.15660999999999997,0.0
1990-01-01,126.0872,0.8648160757575757,,,,7.743814432989691,0.0603125,0.1708599999999999,0.11658030422214104,9.73320256591197,6.637257745433089,0.4659832246039164,6.898039602216266,6.0746284022128005,0.0,3.0296914,,,8.25,0.1365333333333333,0.0
1990-04-01,128.8115,0.8578635967741935,,,,7.798979591836734,0.1024615384615384,0.10762,0.11829257135519086,14.287896373734599,7.851319110884569,1.412429378531077,9.73320256591197,6.637257745433089,0.4659832246039164,2.7084852,,,8.25,0.12451666666666666,0.0
1990-07-01,129.9628,0.8150551230769231,,,,7.922727272727273,0.6,0.13304,0.09317574801581208,15.373989779287811,6.7705433506927815,-0.37523452157596227,14.287896373734599,7.851319110884569,1.412429378531077,2.277526,,,8.035353535353535,0.11882499999999997,0.0
1990-10-01,129.2914,0.7700930285714286,,,,8.148484848484848,0.799264705882353,0.2008599999999999,0.08766370029674742,17.300419482878105,7.448863591762223,-0.8442776735459456,15.373989779287811,6.7705433506927815,-0.37523452157596227,2.6163884,,,7.598484848484849,0.11670666666666664,0.0
1991-01-01,129.7609,0.782352296875,,,,8.525773195876289,0.9879032258064516,0.27288,0.07848470959072607,14.29227348446176,7.725750298241163,-1.3914656771799594,17.300419482878105,7.448863591762223,-0.8442776735459456,3.17381,,,6.396907216494846,0.12748166666666666,0.0
1991-04-01,131.1746,0.8868668387096774,,,,8.62295918367347,1.2188571428571429,0.22546,0.104813626872441,6.000319151646649,7.049671836690097,-2.506963788300842,14.29227348446176,7.725750298241163,-1.3914656771799594,2.5253802,,,5.829081632653061,0.13876999999999998,0.0
1991-07-01,130.2109,0.8947133611111112,,,,8.902525252525253,1.418,0.11728,0.1328238254240072,4.538120850625149,9.045957050334863,-0.941619585687381,6.000319151646649,7.049671836690097,-2.506963788300842,2.7900356,,,5.555555555555555,0.13650166666666663,0.0
1991-10-01,128.9868,0.8350658857142856,,,,9.095454545454546,1.8130882352941176,0.10666,0.10429085710281769,5.811428265606988,10.196243297057418,0.9460737937559083,4.538120850625149,9.045957050334863,-0.941619585687381,4.195198,,,4.80050505050505,0.13969499999999999,0.0
1992-01-01,129.215,0.827741125,,,,9.433163265306122,2.0130645161290324,0.06152,0.06913154252858035,9.765086550302037,10.235752198674962,0.940733772342428,5.811428265606988,10.196243297057418,0.9460737937559083,4.8850880000000005,,,4.0,0.1390583333333333,0.0
1992-04-01,129.9487,0.826426803030303,,,,9.625,2.1552857142857142,0.05106,0.06541194859458226,13.79566411502986,11.044562060746488,2.0952380952381056,9.765086550302037,10.235752198674962,0.940733772342428,5.740322000000001,,,3.7755102040816326,0.13829833333333333,0.0
1992-07-01,130.6494,0.7496895138888889,,,,9.607575757575756,2.454142857142857,0.2888199999999999,0.08041518040610698,21.973431699423962,10.830083128951863,2.566539923954392,13.79566411502986,11.044562060746488,2.0952380952381056,6.0539388,,,3.1944444444444446,0.15703999999999999,0.0
1992-10-01,130.7798,0.788011676056338,,,,8.813939393939394,2.3126470588235293,0.4290599999999999,0.07417351771580463,21.321189010837017,9.55373205842558,1.4058106841611906,21.973431699423962,10.830083128951863,2.566539923954392,4.983923,,,3.0,0.18042666666666662,0.0
1993-01-01,129.2254,0.8363207384615384,,,,8.504845360824742,2.125079365079365,0.18076,0.07909813773220174,5.01958456113929,7.513690730369493,0.5591798695247174,21.321189010837017,9.55373205842558,1.4058106841611906,3.3805908,,,3.0,0.18125166666666662,0.0
1993-04-01,129.5808,0.8274495820895522,,,,7.778979591836735,2.0004347826086954,0.08778,0.07955710056058994,8.947287676593385,7.789098605726474,2.332089552238803,5.01958456113929,7.513690730369493,0.5591798695247174,4.5863632,,,3.0,0.1795983333333333,0.0
1993-07-01,129.9122,0.8582806666666667,,,,6.9550505050505045,1.6525714285714286,0.08526,0.058703596205790555,1.109833239483038,7.665310899682032,3.151065801668196,8.947287676593385,7.789098605726474,2.332089552238803,4.566690599999999,,,3.0,0.17561666666666664,0.0
1993-10-01,130.7818,0.8599015068493151,,,,6.351212121212121,1.5288405797101448,0.04968,0.03226607516468075,-0.8931209072891355,7.974766204494532,4.43622920517559,1.109833239483038,7.665310899682032,3.151065801668196,4.563553000000001,,,3.0,0.1630183333333333,0.0
1994-01-01,130.4858,0.8804927272727273,,,,5.964948453608248,1.5303125,0.17206,0.04373122288672977,4.9145478862753,10.227306778886259,7.228915662650581,-0.8931209072891355,7.974766204494532,4.43622920517559,4.3401546,,,3.177835051546392,0.15461666666666665,0.0
1994-04-01,131.4301,0.8488183870967742,,,,5.354897959183673,1.2607936507936506,0.1807399999999999,0.026681049588667342,6.9485558096353595,7.00391925680699,3.4639927073837784,4.9145478862753,10.227306778886259,7.228915662650581,3.0130712,,,3.941326530612245,0.15088999999999997,0.0
1994-07-01,131.7095,0.8001450410958904,,,,4.87121212121212,1.0980281690140845,0.21326,0.0681805891530425,12.440730877449969,6.304357908966662,2.605570530098844,6.9485558096353595,7.00391925680699,3.4639927073837784,2.7737832,,,4.492424242424242,0.1588883333333333,0.0
1994-10-01,131.6891,0.7892393939393939,,,,4.85,0.6766666666666667,0.11818,0.08529140152138436,12.015844491827309,6.0042391016365215,1.9469026548672552,12.440730877449969,6.304357908966662,2.605570530098844,2.4311838000000003,,,5.121212121212121,0.1598483333333333,0.0
1995-01-01,130.6659,0.7563021194029851,,,,4.85,0.35734375,0.14356,0.07660289333285199,14.071598458805369,5.25774948768416,0.6050129645635449,12.015844491827309,6.0042391016365215,1.9469026548672552,2.343299,0.23029232521851858,,5.814432989690721,0.16668499999999997,0.0
1995-04-01,130.7288,0.7147390327868852,,,,4.53234693877551,0.4687692307692307,0.15014,0.07680707261818102,16.877566143287414,3.636371787521231,-0.6167400881057272,14.071598458805369,5.25774948768416,0.6050129645635449,2.1729076,0.2871273209651311,,6.0,0.17494166666666663,0.0
1995-07-01,129.8932,0.7323766119402985,,,,4.382929292929292,0.4686153846153846,0.14682,0.06449689428489207,13.522712950847925,4.243347066355785,-0.17513134851138146,16.877566143287414,3.636371787521231,-0.6167400881057272,1.808862,0.30722928047180176,,5.767676767676767,0.16310833333333333,0.0
1995-10-01,129.729,0.7278964923076923,,,,3.981010101010101,0.39640625,0.12822,0.03469425571288164,9.270180390177906,3.508779519005789,-0.78125,13.522712950847925,4.243347066355785,-0.17513134851138146,1.8016774,0.32574161887168884,,5.7146464646464645,0.13803833333333332,0.0
1996-01-01,128.0322,0.7508729545454546,,,,3.4443877551020408,0.64265625,0.12098,0.02988849957043754,9.46194271836327,2.5954913246482025,-0.945017182130603,9.270180390177906,3.508779519005789,-0.78125,1.6600916,-0.11763378481070201,,5.331632653061225,0.13305666666666666,0.0
1996-04-01,127.114,0.7767241538461539,,,,3.3,0.598,0.1331999999999999,0.04438180365990209,3.079053483911398,6.115286341325543,2.9255319148935977,9.46194271836327,2.5954913246482025,-0.945017182130603,1.4172446,-0.14704306175311407,,5.25,0.13684166666666664,0.0
1996-07-01,126.35020000000002,0.7665105915492958,,,,3.1909090909090905,0.5988571428571429,0.0776599999999999,0.04250585865357592,1.181045456654184,5.443823157340311,3.0701754385964897,3.079053483911398,6.115286341325543,2.9255319148935977,1.325414,-0.1936856210231781,,5.25,0.1362083333333333,0.0
1996-10-01,125.5565,0.7820903142857143,,,,3.0,0.5561764705882353,0.0576999999999999,0.02746624618615303,2.5218195399330012,5.375280064080967,3.762029746281703,1.181045456654184,5.443823157340311,3.0701754385964897,1.264045,-0.11420142650604248,,5.25,0.13687666666666665,0.0
1997-01-01,123.6047,0.8466956393442623,,,,3.0,0.5223333333333333,0.07502,0.07274461948439565,2.8393537850025075,5.775648328390881,4.249783174327848,2.5218195399330012,5.375280064080967,3.762029746281703,1.5202566000000002,0.043976579482356705,,5.270618556701031,0.12878999999999996,0.0
1997-04-01,122.8746,0.8746047313432836,,,,3.0,0.4277142857142857,0.1037599999999999,0.1030669612660244,0.010612045780677981,5.6211425729497,3.875968992248069,2.8393537850025075,5.775648328390881,4.249783174327848,1.9290276,-0.07002916247195874,,5.5,0.12237499999999996,0.0
1997-07-01,121.3101,0.921602625,,,,3.0,0.3445714285714286,0.06364,0.11661221513296034,0.12416809365007886,5.348840943229938,3.4893617021276357,0.010612045780677981,5.6211425729497,3.875968992248069,1.5585724,0.18803128600120544,,5.5,0.10990666666666664,0.0
1997-10-01,120.90000000000002,0.898433742857143,,,,3.2515151515151515,0.1791176470588235,0.05692,0.06423972335186771,-0.6207152485492973,5.101082588641437,2.95109612141653,0.12416809365007886,5.348840943229938,3.4893617021276357,2.3300968,0.33148234337568283,,5.5,0.10480166666666663,0.0
1998-01-01,120.15770000000002,0.9302272698412698,,,,3.3,0.141311475409836,0.04318,0.0499749955588273,-1.4832738618237973,4.693123923084319,2.4958402662229595,-0.6207152485492973,5.101082588641437,2.95109612141653,2.1076486,-0.49222707003355026,,5.5,0.09643666666666662,0.0
1998-04-01,120.0255,0.9194600307692308,,,,3.3,0.0377142857142857,0.0416,0.02698542129306995,1.7152208628631094,4.695875172341335,2.1558872305141197,-1.4832738618237973,4.693123923084319,2.4958402662229595,1.2064942,-0.5259153147538503,,5.5,0.08739166666666663,0.0
1998-07-01,119.529,0.9031015833333332,,,,3.3,0.0664285714285714,0.13152,0.02940553793884702,4.6483452256288915,4.547482788605728,1.8092105263157965,1.7152208628631094,4.695875172341335,2.1558872305141197,1.342881,0.08021507908900578,,5.492424242424242,0.08611666666666663,0.0
1998-10-01,119.9936,0.8499784929577464,,,,3.227272727272727,0.2755882352941176,0.19426,0.07120147032016012,9.680322434088495,5.159617801119554,2.4570024570024662,4.6483452256288915,4.547482788605728,1.8092105263157965,0.6776169999999999,0.8362024823824564,,4.921717171717172,0.09161999999999997,0.0
1999-01-01,119.8707,0.8922776507936508,13.300000000000002,9.5,26.8,3.0,0.1395238095238095,0.19112,0.05933690161718348,11.314810135097076,6.120714739181032,3.5714285714285587,9.680322434088495,5.159617801119554,2.4570024570024662,0.3802877999999999,0.49766575296719867,,4.75,0.09746499999999997,0.0
1999-04-01,119.2507,0.9458359402985076,13.5,9.6,27.2,2.5510204081632653,0.2569999999999999,0.1820999999999999,0.07876506173611793,8.094755668306352,3.716377291963946,1.7045454545454586,11.314810135097076,6.120714739181032,3.5714285714285587,0.1625648,0.07573977982004483,,4.755102040816326,0.10153999999999996,0.0
1999-07-01,118.9177,0.9545557941176472,13.6,9.6,27.600000000000005,2.5,0.252,0.2300799999999999,0.0978730031612064,4.675417444372565,4.736519007383633,2.9079159935379906,8.094755668306352,3.716377291963946,1.7045454545454586,0.6220244,-0.13560767316569886,,5.101010101010101,0.11424166666666663,0.0
1999-10-01,119.1314,0.963068671641791,13.800000000000002,9.6,28.399999999999995,2.797979797979798,0.2020289855072463,0.17368,0.0637806086183778,2.305038792936709,4.712651010725244,2.877697841726623,4.675417444372565,4.736519007383633,2.9079159935379906,0.6464676,-0.024341958264509838,,5.371212121212121,0.12390666666666665,0.0
2000-01-01,118.7552,1.0142900153846153,14.1,9.8,29.0,3.191326530612245,-0.0578461538461538,0.1642199999999999,0.06143624230313127,-1.2447031055981772,5.460354330831341,3.2915360501567736,2.305038792936709,4.712651010725244,2.877697841726623,0.9468968,0.08572400361299515,,5.686224489795919,0.13133999999999996,0.0
2000-04-01,118.8544,1.0723047903225806,14.300000000000002,9.8,29.7,3.793367346938776,-0.3889230769230769,0.26454,0.10866974766347906,1.8038798060049155,9.046533174623628,6.464485235434969,-1.2447031055981772,5.460354330831341,3.2915360501567736,1.568884,0.4945564071337382,,6.244897959183674,0.1447383333333333,0.0
2000-07-01,118.0858,1.1058496615384616,14.300000000000002,9.7,29.899999999999995,4.328282828282828,-0.3275384615384615,0.14738,0.1262493670676322,2.572374384369791,9.241738685311262,6.279434850863419,1.8038798060049155,9.046533174623628,6.464485235434969,0.9942988,0.382566640774409,,6.5,0.15171666666666664,0.0
2000-10-01,117.6994,1.152572126984127,14.800000000000002,9.8,31.600000000000005,4.732323232323233,-0.1475,0.12196,0.11636425252954193,-3.032947666269603,8.047258917304912,4.972804972804967,2.572374384369791,9.241738685311262,6.279434850863419,1.3377583999999998,0.5011630058288574,,6.5,0.15713666666666665,0.0
2001-01-01,116.9065,1.08361665625,14.699999999999998,9.8,30.100000000000005,4.75,0.4653125,0.06996,0.0710122390296661,1.2648565179199434,9.495738329478321,6.676783004552345,-3.032947666269603,8.047258917304912,4.972804972804967,1.6614882000000002,0.7320610880851746,,5.618556701030927,0.1593683333333333,1.0
2001-04-01,115.873,1.1466277903225808,14.5,9.7,28.899999999999995,4.614795918367347,1.0855384615384616,0.09544,0.06608264065603713,0.3319808536798696,8.772968673944792,5.847076461769096,1.2648565179199434,9.495738329478321,6.676783004552345,1.6777632,0.5185581346352895,,4.334183673469388,0.16385499999999997,1.0
2001-07-01,115.5665,1.1241910923076923,14.300000000000002,9.7,27.7,4.345959595959596,1.3188709677419357,0.10024,0.06249204884924334,-2.1630083704581415,7.309665941018273,4.652880354505151,0.3319808536798696,8.772968673944792,5.847076461769096,2.5013156,0.5647526184717814,,3.5656565656565657,0.1612483333333333,1.0
2001-10-01,115.2273,1.115782615384615,14.1,9.6,26.899999999999995,3.4722222222222223,1.8807352941176472,0.1190399999999999,0.052207501135634764,3.933332106170262,8.079487095452098,5.329385640266482,-2.1630083704581415,7.309665941018273,4.652880354505151,2.0591644,0.6198582698901495,,2.1666666666666665,0.15497999999999998,1.0
2002-01-01,114.0475,1.1409279516129032,14.1,9.5,27.5,3.25,1.8783870967741931,0.13372,0.028696290548155964,-0.5117130804483505,4.05874002187625,0.8534850640113945,3.933332106170262,8.079487095452098,5.329385640266482,1.7401952,-0.31287141144275665,,1.75,0.15019666666666662,1.0
2002-04-01,113.661,1.0895684603174605,14.199999999999998,9.5,28.0,3.25,1.8598571428571429,0.14832,0.0428439758329888,-0.9676629333694287,2.7459664705214326,0.21246458923513956,-0.5117130804483505,4.05874002187625,0.8534850640113945,1.9643922,0.7456005414326986,,1.75,0.14738166666666663,1.0
2002-07-01,113.2678,1.0164095147058825,14.300000000000002,9.5,28.2,3.25,2.033142857142857,0.26692,0.10753193757717407,8.026435649310093,3.3363181076860426,1.199717713479198,-0.9676629333694287,2.7459664705214326,0.21246458923513956,1.4282072,1.6042653322219849,,1.75,0.15045166666666665,1.0
2002-10-01,112.9082,1.001369606060606,14.300000000000002,9.5,28.3,3.113636363636364,2.102794117647059,0.241,0.13035418207899724,4.535065327293664,2.9422448001408696,1.054111033028815,8.026435649310093,3.3363181076860426,1.199717713479198,1.2158094,1.6708794832229614,,1.457070707070707,0.15606166666666665,1.0
2003-01-01,111.5994,0.9320491746031746,14.300000000000002,9.5,28.600000000000005,2.6829896907216493,2.270983606557377,0.2149,0.12921788142370233,9.084370598589508,2.8322664646698303,1.6220028208744575,4.535065327293664,2.9422448001408696,1.054111033028815,1.2182006,0.7097318967183431,,1.25,0.16028499999999998,1.0
2003-04-01,111.2947,0.8815845,14.300000000000002,9.5,29.399999999999995,2.36734693877551,2.2118840579710146,0.26812,0.12546065473409804,11.960209924592613,3.24635701112721,2.1201413427561766,9.084370598589508,2.8322664646698303,1.6220028208744575,1.0787744,0.10531848669052124,,1.2321428571428572,0.16058333333333333,1.0
2003-07-01,110.4568,0.8887096323529411,14.300000000000002,9.4,29.5,2.0,2.5292857142857144,0.21836,0.11003307130661302,7.971459173176432,2.4385184031477047,1.3947001394700065,11.960209924592613,3.24635701112721,2.1201413427561766,0.8191022,-0.4702902138233185,,1.0,0.16649833333333333,1.0
2003-10-01,109.7389,0.8420871515151515,14.300000000000002,9.3,29.899999999999995,2.0,2.4311764705882357,0.1589999999999999,0.07371709134970808,9.070707831812076,1.6989394852186201,0.9735744089012455,7.971459173176432,2.4385184031477047,1.3947001394700065,0.9456054,-0.021075064316391945,,1.0,0.16958499999999999,1.0
2004-01-01,108.4347,0.80040390625,13.9,9.2,28.2,2.0,2.3234920634920635,0.12516,0.0814660394844239,9.61097798001951,0.7702883900726931,0.1387925052047212,9.070707831812076,1.6989394852186201,0.9735744089012455,1.1777902,0.27225667983293533,,1.0,0.17418499999999995,0.0
2004-04-01,107.8523,0.8296841692307693,13.6,9.2,27.0,2.0,2.150588235294118,0.07966,0.073494269582524,5.386926603268094,-1.2247503717000119,-2.145328719723183,9.61097798001951,0.7702883900726931,0.1387925052047212,1.0676452,0.3140561630328496,,1.0051020408163265,0.17286999999999997,0.0
2004-07-01,107.2734,0.8185150294117647,13.5,9.1,26.2,2.0,1.7577142857142858,0.0693,0.03538864277568381,2.4652025745790285,-2.050867112534882,-3.5763411279229773,5.386926603268094,-1.2247503717000119,-2.145328719723183,1.7772972,-0.204305037856102,1.4965015580642975,1.414141414141414,0.17029166666666665,0.0
2004-10-01,106.58570000000002,0.7723762205882353,13.199999999999998,9.1,25.3,2.0,1.3721739130434785,0.06552,0.05002878533904215,2.3938716362878587,-2.4713590201022484,-4.1322314049586755,2.4652025745790285,-2.050867112534882,-3.5763411279229773,1.7721519999999995,-0.11305070295929909,1.4360593040728218,1.9343434343434345,0.16583166666666666,0.0
2005-01-01,106.0967,0.7627258064516129,13.199999999999998,9.0,25.600000000000005,2.0,0.847936507936508,0.0674,0.06639962494651136,2.920309011676858,-2.7337992678172385,-4.435204435204443,2.3938716362878587,-2.4713590201022484,-4.1322314049586755,1.8974024,0.29427345593770343,1.2005093954084771,2.4329896907216493,0.160305,0.0
2005-04-01,105.2405,0.7939579253731343,13.199999999999998,8.9,25.5,2.0,0.5252857142857144,0.07586,0.04959376359869439,1.9239341022901701,-1.7964636976742332,-3.323903818953333,2.920309011676858,-2.7337992678172385,-4.435204435204443,1.5838722,0.33210883537928265,1.1907019330048196,2.9107142857142856,0.15426666666666666,0.0
2005-07-01,104.263,0.8200916029411766,13.1,8.9,25.5,2.0,0.2611267605633802,0.0615,0.05094083872471915,-1.5096416024158343,-1.1740276793033133,-2.068473609129795,1.9239341022901701,-1.7964636976742332,-3.323903818953333,1.147383,0.009631993792330226,1.034385861387235,3.419191919191919,0.13714833333333332,0.0
2005-10-01,104.1059,0.84158021875,12.9,8.8,24.8,2.0681818181818183,0.1233333333333333,0.0617599999999999,0.06806102834268546,-2.404474923469757,-0.6243465453846464,-1.5804597701149392,-1.5096416024158343,-1.1740276793033133,-2.068473609129795,1.691636,-0.1786839539806048,0.729283888445362,3.95959595959596,0.12221166666666665,0.0
2006-01-01,102.6415,0.8318094153846154,12.9,8.7,24.5,2.314432989690722,-0.02890625,0.03288,0.04114253096254518,-8.127326656636702,0.24285956851264334,-1.087744742567076,-2.404474923469757,-0.6243465453846464,-1.5804597701149392,1.7390316,-0.336103230714798,0.5178186872823555,4.430412371134021,0.10704333333333332,0.0
2006-04-01,103.6188,0.7950367903225807,12.800000000000002,8.7,24.399999999999995,2.5433673469387754,0.0766153846153846,0.05342,0.040169626399823924,-3.170112136127945,1.828162023969715,0.0,-8.127326656636702,0.24285956851264334,-1.087744742567076,1.6836148000000002,-0.009058047706882158,0.6034887163330291,4.895408163265306,0.08915166666666667,0.0
2006-07-01,104.2189,0.7847818769230769,12.800000000000002,8.6,24.399999999999995,2.888888888888889,-0.0347692307692307,0.05482,0.055247291152245526,3.7501145591599894,2.543319930837451,-0.2913328477785915,-3.170112136127945,1.828162023969715,0.0,2.0223212,0.14541187634070715,0.3321343193116315,5.25,0.07552333333333332,0.0
2006-10-01,103.0737,0.7763037936507937,12.699999999999998,8.5,23.8,3.2702020202020203,-0.10640625,0.0315,0.04889667909938943,3.756776242119275,3.097320818295546,-0.4379562043795526,3.7501145591599894,2.543319930837451,-0.2913328477785915,1.5903497999999998,0.126386987666289,0.0993971133190742,5.25,0.06489833333333332,0.0
2007-01-01,101.6453,0.76310078125,12.5,8.4,23.2,3.5489690721649483,-0.081875,0.022,0.027032476952777183,6.978738320907074,3.0433072583832432,-1.3196480938416522,3.756776242119275,3.097320818295546,-0.4379562043795526,1.2202344,0.11352940648794174,0.1103424349001582,5.25,0.05630166666666666,0.0
2007-04-01,100.7383,0.7417955967741935,12.4,8.3,23.0,3.798469387755102,0.0409090909090909,0.03596,0.037455814680976196,5.207764159151473,1.617709677214374,-3.3650329188002925,6.978738320907074,3.0433072583832432,-1.3196480938416522,1.8257162,0.15523536254962286,0.1052607869997424,5.25,0.052659999999999985,0.0
2007-07-01,100.8471,0.7280084461538462,12.300000000000002,8.3,22.5,4.0,0.3453125,0.07438,0.04310082817545757,2.7129787497922164,0.8598192913655156,-4.163623082542012,5.207764159151473,1.617709677214374,-3.3650329188002925,2.0305056,0.18233581880728403,0.2095707030048527,5.179292929292929,0.05308333333333332,0.0
2007-10-01,100.1891,0.6908656363636364,12.4,8.2,22.7,4.0,0.756764705882353,0.03938,0.06073668230851379,6.157315800533314,0.060842797422155925,-5.058651026392969,2.7129787497922164,0.8598192913655156,-4.163623082542012,2.19174,0.5899933377901713,0.3362413422205892,4.525252525252525,0.050905,1.0
2008-01-01,101.639,0.6682099032258065,12.300000000000002,8.1,22.7,4.0,1.6341935483870966,0.08744,0.06749700483245764,7.439960074205509,0.7866668866727045,-3.937592867756301,6.157315800533314,0.060842797422155925,-5.058651026392969,2.9657498,0.8625653982162476,0.6403194103817696,3.2193877551020407,0.05257499999999999,1.0
2008-04-01,101.8112,0.6401335,12.199999999999998,8.0,22.8,4.0,1.4861428571428572,0.05184,0.07428049663060787,12.219182773902393,1.1879086484865242,-3.02800908402725,7.439960074205509,0.7866668866727045,-3.937592867756301,2.8445346,1.6518871784210205,0.3339804363022096,2.079081632653061,0.050573333333333324,1.0
2008-07-01,100.63259999999998,0.6646573382352942,12.199999999999998,8.0,23.2,4.224747474747475,1.4928571428571429,0.12362,0.04153805713914912,11.696661280696352,1.169516026384132,-2.5152439024390016,12.219182773902393,1.1879086484865242,-3.02800908402725,2.653271,3.0010809898376465,0.2672769757190609,2.0,0.05574999999999999,1.0
2008-10-01,101.9201,0.7585847272727273,12.300000000000002,8.0,24.0,3.393939393939394,2.011176470588236,0.47244,0.10395989651974388,2.4539088979451007,1.7651438219187687,-1.0038610038610174,11.696661280696352,1.169516026384132,-2.5152439024390016,3.1809346,4.094382603963216,1.3424905331307342,1.0467171717171715,0.08997333333333335,1.0
2009-01-01,101.7331,0.7680672380952381,12.4,7.900000000000001,24.899999999999995,2.0,1.8319672131147544,0.4755,0.12987819041847168,-1.3051115002303493,2.0762048385368104,0.46403712296982924,2.4539088979451007,1.7651438219187687,-1.0038610038610174,1.970044,3.2460219860076904,2.1770739870849822,0.125,0.12685833333333332,1.0
2009-04-01,100.184,0.73480990625,12.5,7.900000000000001,25.600000000000005,1.1428571428571428,2.2768571428571427,0.35994,0.09344972774543724,-8.332145095107945,1.834185910033037,2.576112412177989,-1.3051115002303493,2.0762048385368104,0.46403712296982924,0.8606362000000001,1.9979137182235718,2.4126252382524247,0.125,0.15240166666666666,1.0
2009-07-01,99.9545,0.6996368823529412,12.4,7.900000000000001,25.399999999999995,1.0,2.4882857142857144,0.25262,0.06098063590289957,-5.881137753829735,1.277625254739112,3.9874902267396317,-8.332145095107945,1.834185910033037,2.576112412177989,0.4626171999999999,1.1538018782933552,2.3787354808516428,0.125,0.16888499999999998,1.0
2009-10-01,100.2817,0.6771069701492537,12.300000000000002,7.900000000000001,24.899999999999995,1.0,2.5683823529411764,0.1989399999999999,0.07986843648958837,1.0834761058367004,0.1006463343521391,3.9781591263650773,-5.881137753829735,1.277625254739112,3.9874902267396317,-0.3194266,1.2631648778915405,2.299244701163312,0.125,0.18283833333333332,1.0
2010-01-01,99.1342,0.723544,12.199999999999998,7.8,24.5,1.0,2.800634920634921,0.12114,0.05141088097465386,0.2535761310769935,-0.8883000646993988,3.156274056966901,1.0834761058367004,0.1006463343521391,3.9781591263650773,0.2530324,1.2500855922698975,2.400097069601998,0.125,0.19109999999999996,1.0
2010-04-01,99.8472,0.7869026153846155,12.300000000000002,7.8,24.5,1.0,2.6335714285714285,0.18132,0.09472812144428117,-1.0292797772144202,-0.6777677666711446,1.0654490106544845,0.2535761310769935,-0.8883000646993988,3.156274056966901,0.8526726,0.3104948786397775,2.4181045656609315,0.125,0.20321333333333333,1.0
2010-07-01,100.4955,0.775981455882353,12.199999999999998,7.8,24.5,1.0,2.249428571428572,0.11362,0.10144114554871878,-8.448845776417091,0.41948008282080007,-0.300751879699257,-1.0292797772144202,-0.6777677666711446,1.0654490106544845,1.1947704,-0.15814859668413797,2.0570469777571314,0.125,0.20648333333333332,1.0
2010-10-01,100.51529999999998,0.7364667794117646,12.1,7.7,24.3,1.0,2.371304347826087,0.0613,0.06097937925314588,-4.836713104907398,1.7381037639293107,-1.2003000750187676,-8.448845776417091,0.41948008282080007,-0.300751879699257,1.0539972,-0.3585754583279292,1.9880543991685995,0.125,0.20831,1.0
2011-01-01,100.2208,0.73140825,11.699999999999998,7.5,23.0,1.0,2.76515625,0.0571799999999999,0.05572683053247071,-4.210995147220309,1.2689761721564885,-3.2835820895522394,-4.836713104907398,1.7381037639293107,-1.2003000750187676,1.3287368000000002,0.05804987748463949,2.044328657035339,0.125,0.20578833333333332,1.0
2011-04-01,99.9811,0.6954127692307692,11.6,7.5,22.5,1.2142857142857142,2.639565217391304,0.0547599999999999,0.06594489799698504,3.6758587713090707,-0.35711503118799337,-5.496987951807242,-4.210995147220309,1.2689761721564885,-3.2835820895522394,1.7362524,0.9027726252873739,1.735802334655912,0.125,0.20603166666666664,1.0
2011-07-01,100.7473,0.7076853382352941,11.5,7.5,22.2,1.4646464646464648,2.177323943661972,0.13032,0.038937809201734716,9.967536534363507,-1.049506687395263,-6.259426847662142,3.6758587713090707,-0.35711503118799337,-5.496987951807242,1.9523266,1.6253085136413574,1.818562554697134,0.125,0.20658999999999997,1.0
2011-10-01,100.4737,0.7421305,11.5,7.400000000000001,22.399999999999995,1.3131313131313131,1.783968253968254,0.19866,0.042790377853874816,0.6248089982142435,-0.13537672842780513,-5.239179954441909,9.967536534363507,-1.049506687395263,-6.259426847662142,2.1990584,0.971066931883494,2.040791298286001,0.125,0.183775,1.0
2012-01-01,100.6459,0.7630430615384616,11.4,7.3,22.3,1.0,1.7484375,0.11974,0.06216993025624676,-0.6534328645237952,1.02405357580575,-3.8580246913580307,0.6248089982142435,-0.13537672842780513,-5.239179954441909,2.2840892,0.21832645311951637,2.225253076608696,0.125,0.1541283333333333,1.0
2012-04-01,101.5315,0.7807980806451613,11.4,7.2,22.8,1.0,1.5340909090909092,0.11574,0.06283358318473861,-2.213792966751238,2.8600453758378386,-1.195219123505975,-0.6534328645237952,1.02405357580575,-3.8580246913580307,2.1339258,0.016093246638774872,2.006802882104396,0.125,0.1337783333333333,1.0
2012-07-01,101.3629,0.8002310769230769,11.5,7.2,23.399999999999995,0.7803030303030303,1.3825,0.09344,0.04961190918143583,-6.223632288915038,3.4547233534493627,0.08045052292842136,-2.213792966751238,2.8600453758378386,-1.195219123505975,1.9149958,-0.2198789541143924,1.9235049582654404,0.125,0.1205133333333333,1.0
2012-10-01,101.7974,0.7714528787878787,11.4,7.2,23.600000000000005,0.75,1.4359701492537311,0.04942,0.031948255288135816,-1.3777022654691162,2.185698273713732,-0.48076923076922906,-6.223632288915038,3.4547233534493627,0.08045052292842136,1.9075884000000003,-0.35641280313332874,1.831244337162084,0.125,0.10805333333333332,1.0
2013-01-01,102.2659,0.7574218709677419,11.5,7.099999999999999,24.100000000000005,0.75,1.688225806451613,0.1299,0.035912408736772726,1.9086992828362792,1.465640170400917,-0.6420545746388284,-1.3777022654691162,2.185698273713732,-0.48076923076922906,1.9672934,-0.3737509250640869,1.7532643742446672,0.125,0.1087833333333333,1.0
2013-04-01,103.03749999999998,0.7656456190476191,11.5,7.099999999999999,24.2,0.6071428571428571,1.7062857142857142,0.09766,0.037216439814883935,-1.7353762787802762,1.6519405845140334,-0.3225806451613078,1.9086992828362792,1.465640170400917,-0.6420545746388284,1.5839282,-0.5416208902994791,1.6418595735704145,0.125,0.10181166666666665,1.0
2013-07-01,103.319,0.7556540882352941,11.6,7.0,24.5,0.5,2.328428571428572,0.0647,0.014728441932548816,2.545007581853076,1.9587577997974837,-0.080385852090048,-1.7353762787802762,1.6519405845140334,-0.3225806451613078,1.3548818,-0.6261939803759257,1.848353338614273,0.125,0.09773499999999997,0.0
2013-10-01,102.7744,0.7349105454545454,11.6,7.0,24.600000000000005,0.3712121212121212,2.409117647058824,0.0574999999999999,0.026155208967791905,2.615240762275395,2.4424705047939144,0.16103059581322743,2.545007581853076,1.9587577997974837,-0.080385852090048,1.7637667999999995,-0.5489180783430735,1.8721953686440045,0.125,0.09741833333333329,0.0
2014-01-01,103.3807,0.7301742063492064,11.6,6.900000000000001,24.8,0.25,2.3906557377049182,0.04024,0.033688021667875365,2.9097691164528205,2.9808856122207406,0.40387722132471104,2.615240762275395,2.4424705047939144,0.16103059581322743,1.3005338,-0.42404908935228985,1.776322113012542,0.125,0.09600666666666664,0.0
2014-04-01,105.2256,0.729276109375,11.699999999999998,6.8,25.5,0.2285714285714285,2.2110144927536237,0.0264,0.024700223163517693,4.516220588002118,3.2132386558757053,-0.08090614886729908,2.9097691164528205,2.9808856122207406,0.40387722132471104,1.2559922,-0.024358818928400677,1.5535789097882202,0.125,0.09364333333333331,0.0
2014-07-01,105.34,0.754042838235294,11.6,6.8,25.5,0.1277777777777777,1.9944285714285712,0.02938,0.023123821986600915,3.256879756264963,3.150510107979554,-0.48270313757039496,4.516220588002118,3.2132386558757053,-0.08090614886729908,1.2077162,0.16791975498199463,1.2685704755823326,0.125,0.08523166666666665,0.0
2014-10-01,105.6013,0.8000555454545455,11.199999999999998,6.7,24.399999999999995,0.05,1.7502941176470588,0.04994,0.06631794221083605,-2.9190325101070558,2.2884067609090453,-1.4469453376206087,3.256879756264963,3.150510107979554,-0.48270313757039496,0.855615,-0.22207221388816833,0.978001161011236,0.125,0.07283833333333332,0.0
2015-01-01,107.76349999999998,0.8889960952380952,11.199999999999998,6.7,24.3,0.05,1.3642622950819672,0.14238,0.14068115902205713,-6.374442725575646,-1.0084432523244757,-4.907481898632337,-2.9190325101070558,2.2884067609090453,-1.4469453376206087,0.6641108,-0.9880119562149048,0.5804848260012173,0.125,0.07472499999999999,0.0
2015-04-01,108.74420000000002,0.905937015625,11.1,6.599999999999999,23.899999999999995,0.05,1.5349295774647889,0.07088,0.14469472903437294,-11.657320798265369,-0.27697422986074915,-3.724696356275292,-6.374442725575646,-1.0084432523244757,-4.907481898632337,-0.0647874,-1.0476199984550476,0.8156454710724935,0.125,0.07098666666666666,0.0
2015-07-01,109.1101,0.8997678823529411,11.1,6.599999999999999,23.8,0.05,1.5447142857142857,0.1069999999999999,0.09917147042287229,-9.418363002116903,-0.6918838495913904,-3.9611964430072755,-11.657320798265369,-0.27697422986074915,-3.724696356275292,0.937213,-0.646329383055369,1.0659401559531765,0.125,0.07211666666666665,0.0
2015-10-01,111.27299999999998,0.9129721940298507,10.9,6.5,23.2,0.05,1.3548529411764705,0.1076,0.020328840611552438,-4.846636324844389,0.12362110328603126,-3.181076672104388,-9.418363002116903,-0.6918838495913904,-3.9611964430072755,0.7847294,-0.5936225454012553,0.9902768650523888,0.1654040404040404,0.07696499999999999,0.0
2016-01-01,114.1153,0.9076488870967742,10.9,6.5,23.3,0.0413265306122448,1.077777777777778,0.119,0.010882464852026154,-3.511675166338435,2.7726098668371613,-0.33840947546531774,-4.846636324844389,0.12362110328603126,-3.181076672104388,0.6164332,-0.9686070879300436,0.8855936017191408,0.375,0.07605666666666665,0.0
2016-04-01,116.2022,0.8853190746268657,10.800000000000002,6.400000000000001,22.600000000000005,0.0,0.982,0.0925,0.02406162409090706,5.462647177524049,2.8829422804656613,-0.5046257359125561,-3.511675166338435,2.7726098668371613,-0.33840947546531774,0.385974,-1.072768767674764,0.7098881807805658,0.375,0.07562666666666665,0.0
2016-07-01,117.7171,0.8956828970588235,10.800000000000002,6.400000000000001,22.7,0.0,0.8380281690140845,0.04498,0.024773417588750228,2.0664104399191086,2.918898795421354,-0.5050505050504972,5.462647177524049,2.8829422804656613,-0.5046257359125561,0.0420158,-1.0132645964622498,0.5634772771346178,0.375,0.07398333333333332,0.0
2016-10-01,119.4624,0.927317078125,10.699999999999998,6.3,22.5,0.0,1.13,0.05492,0.036058312521931125,2.497879444279194,3.0734890061686393,-0.33698399326032025,2.0664104399191086,2.918898795421354,-0.5050505050504972,0.4630254,-1.3119696776072185,0.933626915486938,0.4204545454545454,0.07376833333333331,0.0
2017-01-01,119.8911,0.9392336923076924,10.800000000000002,6.3,22.899999999999995,0.0,1.20265625,0.07678,0.05104712197239387,1.0078428461061106,3.3773301298230196,-0.0848896434634927,2.497879444279194,3.0734890061686393,-0.33698399326032025,0.8667496,-1.8159494400024414,1.1798495255095296,0.6688144329896907,0.07681333333333333,0.0
2017-04-01,121.2749,0.9077415967741936,10.800000000000002,6.3,23.399999999999995,0.0,0.964153846153846,0.0765,0.038986162768028444,-0.5083274016047468,3.7853208732680166,0.33812341504648735,1.0078428461061106,3.3773301298230196,-0.0848896434634927,1.598758,-1.8683975537618,1.0984569236016843,0.9183673469387756,0.08098833333333333,0.0
2017-07-01,122.4409,0.8515865692307693,10.800000000000002,6.2,23.3,0.0,0.8783076923076923,0.0903,0.07764764972662615,4.710769437463469,3.686557030985882,0.08460236886631556,-0.5083274016047468,3.7853208732680166,0.33812341504648735,1.5192438,-1.7298698425292969,1.1777182493873797,1.125,0.08606499999999999,0.0
2017-10-01,125.1533,0.8493925238095239,10.699999999999998,6.2,23.3,0.0,0.67703125,0.04774,0.08814386174770368,6.52385760337697,3.7868763962193297,-0.16906170752326588,4.710769437463469,3.686557030985882,0.08460236886631556,1.5291474,-1.4575865666071575,1.1700447929400328,1.172979797979798,0.08588166666666665,0.0
2018-01-01,126.2463,0.8136209365079365,10.800000000000002,6.099999999999999,23.7,0.0,0.5982539682539683,0.0567199999999999,0.07776569441727192,10.919876444282274,4.53402617548524,0.0,6.52385760337697,3.7868763962193297,-0.16906170752326588,1.4036558,-0.8319235444068909,1.243048006214699,1.4033505154639174,0.07874333333333332,0.0
2018-04-01,127.0859,0.8397209047619048,10.800000000000002,6.099999999999999,23.7,0.0,0.4436363636363636,0.05888,0.0348394035184003,12.198886004637256,4.474380800409872,-0.08424599831510227,10.919876444282274,4.53402617548524,0.0,1.3425904,-0.7383035024007162,1.1601128232214457,1.6709183673469388,0.07774333333333332,0.0
2018-07-01,128.6006,0.8599860461538462,10.800000000000002,6.0,23.7,0.0,0.2590625,0.05888,0.03969457175182739,5.280493242278106,5.601221134124601,1.098901098901095,12.198886004637256,4.474380800409872,-0.08424599831510227,1.599668,-0.5770263175169627,1.0308297830503577,1.8876262626262623,0.07373333333333333,0.0
2018-10-01,130.3818,0.8757130151515151,10.699999999999998,6.0,23.600000000000005,0.0,0.2416417910447761,0.1141799999999999,0.05366502115089501,3.2421036334365994,6.007650323128533,2.1168501270110163,5.280493242278106,5.601221134124601,1.098901098901095,1.8980562,-0.5283498664697012,1.0515088626276474,2.157828282828283,0.07428166666666665,0.0
2019-01-01,131.1792,0.8804931904761905,10.800000000000002,6.0,23.7,0.0,0.1687301587301587,0.1301199999999999,0.03678413537800562,1.7297770465447337,5.045805895649891,1.954120645709434,3.2421036334365994,6.007650323128533,2.1168501270110163,2.1069744,-0.8345215717951456,0.7619134447983896,2.375,0.07520833333333331,0.0
2019-04-01,132.4337,0.889950578125,10.9,6.0,24.2,0.0,0.2072463768115942,0.07004,0.025038331647271306,-0.6347930627680132,5.01744328155902,2.023608768971341,1.7297770465447337,5.045805895649891,1.954120645709434,1.3661740000000002,-1.0865423281987507,0.5916032730867263,2.375,0.07333666666666665,0.0
2019-07-01,133.4876,0.8988693235294117,10.9,6.099999999999999,24.399999999999995,0.0,0.1227142857142857,0.08136,0.020562436301387366,3.6895723096312283,4.822717183437186,2.006688963210723,-0.6347930627680132,5.01744328155902,2.023608768971341,1.7798972,-1.3167871236801147,0.3644331799278014,2.183080808080808,0.07636833333333332,0.0
2019-10-01,137.1975,0.9037218787878788,10.9,6.099999999999999,24.2,0.0,0.1922058823529411,0.07378,0.02048931788242113,1.4112738084048226,4.474433980784176,1.326699834162537,3.6895723096312283,4.822717183437186,2.006688963210723,1.4984693999999998,-0.9790588816006979,0.3688932686949102,1.7058080808080809,0.07793999999999998,0.0
2020-01-01,138.1141,0.907079546875,11.0,6.0,24.8,0.0,0.2835483870967742,0.13312,0.014886496194605617,3.7944042742691364,4.90990377155458,1.5833333333333588,1.4112738084048226,4.474433980784176,1.326699834162537,1.1736082,-0.5204921364784241,0.3331981407760663,1.3035714285714286,0.08263499999999997,0.0
2020-04-01,140.0671,0.9083923125,11.199999999999998,6.0,26.399999999999995,0.0,0.4861428571428571,0.2254799999999999,0.00849416698801857,3.681755976416712,4.5963391846743695,1.81818181818183,3.7944042742691364,4.90990377155458,1.5833333333333588,2.0628916,-0.6015309393405914,0.2980636581285817,0.125,0.09504999999999997,1.0
2020-07-01,145.3409,0.8568643676470588,11.300000000000002,6.099999999999999,26.399999999999995,0.0,0.511,0.1416599999999999,0.04968946875539418,3.8447092554864337,4.948036658367716,4.918032786885251,3.681755976416712,4.5963391846743695,1.81818181818183,0.8843843999999998,-1.4510197639465332,0.2454440713382024,0.125,0.09932999999999996,1.0
2020-10-01,149.3463,0.8388679104477612,11.199999999999998,6.099999999999999,26.0,0.0,0.7025,0.096,0.07068417780464012,8.597021306045448,4.844431354048018,6.301145662847785,3.8447092554864337,4.948036658367716,4.918032786885251,-0.5585238,-1.199025313059489,0.2084414411551041,0.125,0.10335166666666662,1.0
2021-01-01,148.7445,0.8300923492063491,11.300000000000002,6.099999999999999,25.8,0.0,1.202063492063492,0.04276,0.07008870510876322,9.553604682460248,5.126350624692622,7.711238720262492,8.597021306045448,4.844431354048018,6.301145662847785,-0.1794395999999999,-1.4376978476842244,0.3224411318290793,0.125,0.10218833333333331,1.0
2021-04-01,152.7808,0.8300578307692308,11.1,6.099999999999999,24.399999999999995,0.0,1.4245714285714286,0.0231,0.025257560142391455,8.094831119334845,5.149818808355389,8.03571428571428,9.553604682460248,5.126350624692622,7.711238720262492,1.3800664,-1.5945699214935303,0.5099529191506208,0.125,0.09920666666666662,1.0
2021-07-01,157.7869,0.8481445,11.1,6.099999999999999,24.2,0.0,1.1085714285714288,0.04142,0.01725970293682131,6.920585990717298,3.9916727670364693,1.953125,8.094831119334845,5.149818808355389,8.03571428571428,2.1110782,-1.3779085874557495,0.4029827149043161,0.125,0.09775166666666663,0.0
2021-10-01,160.595,0.8742624264705883,11.1,6.099999999999999,24.399999999999995,0.0,1.0159420289855072,0.1067399999999999,0.041793927124285035,3.480954913940515,4.365972355471248,0.07698229407235857,6.920585990717298,3.9916727670364693,1.953125,3.811434,-0.7602135936419169,0.5105174515710229,0.125,0.09713166666666662,0.0
2022-01-01,158.4231,0.891717171875,11.1,6.099999999999999,24.3,0.0,0.48765625,0.1776,0.054676137955356544,0.6213330486246171,5.617841216563213,-0.6092916984006158,3.480954913940515,4.365972355471248,0.07698229407235857,4.587495,-0.17678537468115488,0.6724895038471105,0.1662371134020618,0.10108833333333332,0.0
2022-04-01,157.0124,0.9384336461538462,11.1,6.099999999999999,24.100000000000005,0.0,0.1938235294117647,0.19374,0.07602169925407908,2.3127591872374342,5.278612737725874,-2.9301277235161627,0.6213330486246171,5.617841216563213,-0.6092916984006158,4.536509799999999,0.3966427942117055,0.7932229738954341,0.798469387755102,0.11139666666666663,0.0
2022-07-01,153.4093,0.9923938676470588,11.1,6.0,24.2,0.494949494949495,-0.2583098591549296,0.34536,0.10584199310198275,-0.5874468571997693,5.710338404971682,-1.6091954022988464,2.3127591872374342,5.278612737725874,-2.9301277235161627,6.4946166000000005,0.23453832666079202,0.6241115048761342,2.231060606060606,0.13339666666666664,0.0
2022-10-01,142.6217,0.980986203125,11.1,6.0,24.600000000000005,1.7803030303030305,-0.5617460317460318,0.21054,0.09154187821091585,-1.050379094383036,6.685249617083966,-0.4615384615384577,-0.5874468571997693,5.710338404971682,-1.6091954022988464,7.110009,0.08538808549443881,0.1806770644284596,3.678030303030303,0.1447933333333333,0.0
2023-01-01,136.4207,0.9320697230769232,10.9,5.900000000000001,23.899999999999995,2.8350515463917527,-0.699375,0.2202,0.06034590395806806,3.085635694223443,5.259004272487133,-1.839080459770115,-1.050379094383036,6.685249617083966,-0.4615384615384577,8.6768778,0.06122629468639692,-0.2321047467684352,4.555412371134021,0.15205,0.0
2023-04-01,133.1571,0.9186344677419356,10.800000000000002,5.8,23.7,3.665816326530612,-0.6675384615384615,0.19906,0.07227413856006855,3.796499918265628,4.43810714865589,-2.244582043343646,3.085635694223443,5.259004272487133,-1.839080459770115,8.406074,0.2816563347975413,-0.304403246262971,5.028061224489796,0.1498483333333333,0.0
2023-07-01,130.5617,0.9189894153846154,10.800000000000002,5.8,23.8,4.186868686868687,-0.7673846153846154,0.09906,0.059092834136212156,5.781684104306994,3.869408475894587,-2.570093457943945,3.796499918265628,4.43810714865589,-2.244582043343646,6.7969172,0.017891258001327515,-0.4065859214477612,5.304292929292929,0.14629833333333334,0.0
2023-10-01,127.8992,0.9303874285714284,10.800000000000002,5.8,23.899999999999995,4.5,-0.35765625,0.0593999999999999,0.014406056952069762,5.119403321369442,1.900998829205225,-4.559505409582698,5.781684104306994,3.869408475894587,-2.570093457943945,5.8326062,-0.15450159460306168,-0.2817287686718749,5.375,0.14324833333333334,0.0
2024-01-01,,0.9210218253968254,,,,4.5,-0.3263492063492063,0.0375,0.011041097024722002,2.52513631886766,1.43970960124431,-4.761904761904756,5.119403321369442,1.900998829205225,-4.559505409582698,3.6484224,-0.5128216296434402,-0.3448078718723077,5.375,0.14280999999999996,0.0
2024-04-01,,0.9278103617021276,,,,4.5,-0.3626923076923077,0.0383,0.010836581727659882,,,,2.52513631886766,1.43970960124431,-4.761904761904756,2.519272,,-0.3517077915877551,5.375,0.14407666666666666,0.0
