iso2,date,date.1,loansPnfs_yoy,resPropPrice,fx,dsrPnfs,dsrHousehold,dsrNfc,policyRate,spotRate10year,EAtermSpread,spotRate2year,UStermSpread,financialStressIndex,financialStressDummy,month,bankCreditPnfs_yoy_L1,totalCreditPnfsLCY_yoy_L1,totalCreditPnfs2GDP_yoy_L1,bankCreditPnfs_yoy_L2,totalCreditPnfsLCY_yoy_L2,totalCreditPnfs2GDP_yoy_L2,cpi_yoy_L1
DE,1948Q3,1948-08-15 01:00:37.894736896,,,,,,,5.0,,,,,,,1948-08,,,,,,,
DE,1948Q4,1948-11-15 00:45:28.421052672,,,,,,,5.0,,,,,,,1948-11,,,,,,,
DE,1949Q1,1949-02-14 00:46:27.096774144,,,,,,,5.0,,,,,,,1949-02,,,,,,,
DE,1949Q2,1949-05-15 12:45:57.446808448,,,,,,,4.803191489361702,,,,,,,1949-05,,,,,,,
DE,1949Q3,1949-08-15 01:00:37.894736896,,,,,,,4.068421052631579,,,,,,,1949-08,,,,,,,
DE,1949Q4,1949-11-15 00:45:28.421052672,,,,,,,4.0,,,,,,,1949-11,,,,,,,
DE,1950Q1,1950-02-14 00:46:27.096774144,,,,,,,4.0,,,,,,,1950-02,133.813672922252,133.812472357364,,,,,
DE,1950Q2,1950-05-15 12:45:57.446808448,,,,,,,4.0,,,,,,,1950-05,125.70558937465415,125.73046018991967,,133.813672922252,133.812472357364,,-7.321533666666667
DE,1950Q3,1950-08-15 01:00:37.894736896,,,,,,,4.0,,,,,,,1950-08,102.66317397948046,102.67934312878131,,125.70558937465415,125.73046018991967,,-7.332302333333334
DE,1950Q4,1950-11-15 00:45:28.421052672,,,,,,,5.4526315789473685,,,,,,,1950-11,88.85361552028219,88.83975328755965,,102.66317397948046,102.67934312878131,,-5.631673333333333
DE,1951Q1,1951-02-14 00:46:27.096774144,,,,,,,6.0,,,,,,,1951-02,77.05317471692703,77.05476212995363,,88.85361552028219,88.83975328755965,,-4.441141333333333
DE,1951Q2,1951-05-15 12:45:57.446808448,,,,,,,6.0,,,,,,,1951-05,58.75934779943606,58.75738208882775,,77.05317471692703,77.05476212995363,,2.4963073333333337
DE,1951Q3,1951-08-15 01:00:37.894736896,,,,,,,6.0,,,,,,,1951-08,45.50840155105558,45.501066098081026,,58.75934779943606,58.75738208882775,,8.028597333333334
DE,1951Q4,1951-11-15 00:45:28.421052608,,,,,,,6.0,,,,,,,1951-11,36.6828539409787,36.685770629198245,,45.50840155105558,45.501066098081026,,9.196410666666669
DE,1952Q1,1952-02-14 12:45:57.446808512,,,,,,,6.0,,,,,,,1952-02,28.827005585687694,28.824786324786334,,36.6828539409787,36.685770629198245,,10.773619666666669
DE,1952Q2,1952-05-15 12:45:57.446808512,,,,,,,5.627659574468085,,,,,,,1952-05,32.65637065637066,32.65898899306971,,28.827005585687694,28.824786324786334,,7.619150333333333
DE,1952Q3,1952-08-15 01:00:37.894736832,,,,,,,4.773684210526316,,,,,,,1952-08,30.646235842771485,30.6467370066432,,32.65637065637066,32.65898899306971,,2.0217743333333336
DE,1952Q4,1952-11-15 00:45:28.421052608,,,,,,,4.5,,,,,,,1952-11,29.49576386990982,29.499549143372406,,30.646235842771485,30.6467370066432,,0.7370696666666667
DE,1953Q1,1953-02-14 00:46:27.096774208,,,,,,,4.037634408602151,,,,,,,1953-02,30.199824054291824,30.199867308011275,,29.49576386990982,29.499549143372406,,-1.5353153333333331
DE,1953Q2,1953-05-15 12:45:57.446808512,,,,,,,3.888297872340425,,,,,,,1953-05,27.78392223063044,27.787807782429997,,30.199824054291824,30.199867308011275,,-2.047518
DE,1953Q3,1953-08-15 01:00:37.894736832,,,2.147426,,,,3.5,,,,,,,1953-08,31.1009122329877,31.103716443580343,,27.78392223063044,27.787807782429997,,-1.3512643333333332
DE,1953Q4,1953-11-15 00:45:28.421052608,,,2.147426,,,,3.5,,,,,,,1953-11,29.92666068696248,29.92027295198969,,31.1009122329877,31.103716443580343,,-1.4609496666666668
DE,1954Q1,1954-02-14 00:46:27.096774208,,,2.147426,,,,3.5,,,,,,,1954-02,25.603281853281846,25.60591101627441,,29.92666068696248,29.92027295198969,,-2.1829566666666667
DE,1954Q2,1954-05-15 12:45:57.446808512,,,2.14744375,,,,3.265957446808511,,,,,,,1954-05,24.243804664723022,24.243244055670775,,25.603281853281846,25.60591101627441,,-1.4606476666666666
DE,1954Q3,1954-08-15 01:00:37.894736832,,,2.146318049382716,,,,3.0,,,,,,,1954-08,22.262079695738613,22.258662483958357,,24.243804664723022,24.243244055670775,,-0.316456
DE,1954Q4,1954-11-15 00:45:28.421052608,,,2.147052725,,,,3.0,,,,,,,1954-11,21.599999999999998,21.598735160918615,,22.262079695738613,22.258662483958357,,0.5331703333333334
DE,1955Q1,1955-02-13 02:31:34.736842112,,,2.148371833333333,,,,3.0,,,,,,,1955-02,24.092219020172934,24.092902964071094,,21.599999999999998,21.598735160918615,,1.806366666666667
DE,1955Q2,1955-05-14 14:30:00.000000000,,,2.153155810810811,,,,3.0,,,,,,,1955-05,-9.019579086309303,24.213684312397188,,24.092219020172934,24.092902964071094,,1.830199
DE,1955Q3,1955-08-14 02:43:17.938144320,,,2.154775595238095,,,,3.309278350515464,,,,,,,1955-08,-8.490932871434131,25.001166316771652,,-9.019579086309303,24.213684312397188,,1.190476
DE,1955Q4,1955-11-14 02:28:27.216494848,,,2.1552022222222225,,,,3.5,,,,,,,1955-11,-9.125367352391123,24.15320536835841,,-8.490932871434131,25.001166316771652,,1.898734
DE,1956Q1,1956-02-13 14:30:00.000000000,,,2.1554317307692306,,,,3.7604166666666665,,,,,,,1956-02,-10.834494503793158,21.818107517214603,,-9.125367352391123,24.15320536835841,,2.116254
DE,1956Q2,1956-05-14 14:30:00.000000000,,,2.151933054794521,,,,4.96875,,,,,,,1956-05,20.121705488836938,20.200623295675868,,-10.834494503793158,21.818107517214603,,2.112081
DE,1956Q3,1956-08-14 02:43:17.938144320,,,2.1431847375,,,,5.365979381443299,,,,,,,1956-08,19.84973152547611,19.6741807867433,,20.121705488836938,20.200623295675868,,3.68634275
DE,1956Q4,1956-11-14 02:28:27.216494848,,,2.144921875,,,,5.0,,,,,,,1956-11,17.040589456663536,16.83973232511493,,19.84973152547611,19.6741807867433,,2.5623775
DE,1957Q1,1957-02-13 02:31:34.736842112,,,2.147956743589744,,,,4.5,,,,,,,1957-02,13.706764828448392,13.556081115080755,,17.040589456663536,16.83973232511493,,1.84191525
DE,1957Q2,1957-05-14 14:30:00.000000000,,,2.1481984246575343,,,,4.5,,,,,,,1957-05,12.203509242795318,12.08536565604188,,13.706764828448392,13.556081115080755,,2.07364125
DE,1957Q3,1957-08-14 02:43:17.938144320,,,2.1479154939759035,,,,4.43298969072165,,,,,,,1957-08,10.033681971281695,10.093402566621435,,12.203509242795318,12.08536565604188,,1.362263
DE,1957Q4,1957-11-14 02:28:27.216494848,,,2.1481007848101266,,,,4.0,,,,,,,1957-11,10.020880104243513,10.093582887700547,,10.033681971281695,10.093402566621435,,2.7254555
DE,1958Q1,1958-02-13 02:31:34.736842112,,,2.148360474358974,,,,3.5894736842105264,,,,,,,1958-02,10.608374309012625,10.634998005937879,,10.020880104243513,10.093582887700547,,2.33639425
DE,1958Q2,1958-05-14 14:30:00.000000000,,,2.144033666666667,,,,3.473958333333333,,,,,,,1958-05,10.623570392740223,10.623256082927313,,10.608374309012625,10.634998005937879,,2.999423
DE,1958Q3,1958-08-14 02:43:17.938144320,,,2.1420469523809524,,,,3.0,,,,,,,1958-08,11.000776249688759,10.895983230411876,,10.623570392740223,10.623256082927313,,3.2085522500000003
DE,1958Q4,1958-11-14 02:28:27.216494848,,,2.1389429620253164,,,,3.0,,,,,,,1958-11,11.024543378995455,10.891703924490814,,11.000776249688759,10.895983230411876,,1.251521
DE,1959Q1,1959-02-13 02:31:34.736842112,,,2.1369385857142857,,,,2.776315789473684,,,,,,,1959-02,11.812295500669578,11.619337525533702,,11.024543378995455,10.891703924490814,,1.0307135
DE,1959Q2,1959-05-14 14:30:00.000000000,,,2.137389391891892,,,,2.75,,,,,,,1959-05,11.781877153861743,11.586967601970798,,11.812295500669578,11.619337525533702,,0.1457725
DE,1959Q3,1959-08-14 02:43:17.938144320,,,2.138461234567901,,,,2.8221649484536084,,,,,,,1959-08,12.848999841663588,12.760386732569584,,11.781877153861743,11.586967601970798,,-0.28797725
DE,1959Q4,1959-11-14 02:28:27.216494848,,,2.134077194805195,,,,3.762886597938144,,,,,,,1959-11,15.29702079531139,15.266111671084225,,12.848999841663588,12.760386732569584,,1.38894875
DE,1960Q1,1960-02-13 14:30:00.000000000,,,2.1322190526315787,,,,4.0,,,,,,,1960-02,17.655484078084662,17.576910195684437,,15.29702079531139,15.266111671084225,,2.1861825
DE,1960Q2,1960-05-14 14:30:00.000000000,,,2.132087,,,,4.302083333333333,,,,,,,1960-05,18.760049810791536,18.68053359568065,,17.655484078084662,17.576910195684437,,2.0348835000000003
DE,1960Q3,1960-08-14 02:43:17.938144320,,,2.1320888888888887,,,,5.0,,,,,,,1960-08,19.03514720669739,18.953878216745213,,18.760049810791536,18.68053359568065,,2.249137
DE,1960Q4,1960-11-13 05:05:27.272727264,,,2.1327163375,,,,4.4646464646464645,,,,,,,1960-11,17.23815044366166,17.128545056083944,,19.03514720669739,18.953878216745213,,1.29228025
DE,1961Q1,1961-02-12 05:11:45.154639168,,,2.1040131351351348,,,,3.608247422680413,,,,,,,1961-02,3.076288025074869,12.425355293543161,,17.23815044366166,17.128545056083944,,0.914952
DE,1961Q2,1961-05-13 17:08:34.285714272,,,2.030462833333333,,,,3.1989795918367347,,,,,,,1961-05,4.010994604499651,12.968134763601192,,3.076288025074869,12.425355293543161,,1.652273
DE,1961Q3,1961-08-13 05:20:00.000000000,,,2.0398088656716418,,,,3.0,,,,,,,1961-08,3.9067769417650666,13.621907790748612,,4.010994604499651,12.968134763601192,,1.7587886
DE,1961Q4,1961-11-13 05:05:27.272727264,,,2.0448815,,,,3.0,,,,,,,1961-11,3.578899326817031,13.950873312134204,,3.9067769417650666,13.621907790748612,,2.6078418
DE,1962Q1,1962-02-12 05:11:45.154639168,,,2.0436762424242425,,,,3.0,,,,,,,1962-02,14.305398122569212,15.906725905549578,5.747126436781613,3.578899326817031,13.950873312134204,,2.6596886
DE,1962Q2,1962-05-13 17:08:34.285714272,,,2.0434828666666665,,,,3.0,,,,,,,1962-05,12.005481060976809,14.606810280063588,5.374592833876224,14.305398122569212,15.906725905549578,5.747126436781613,3.2492996
DE,1962Q3,1962-08-13 05:20:00.000000000,,,2.042278727272727,,,,3.0,,,,,,,1962-08,11.689302032456261,14.1358272995441,5.128205128205132,12.005481060976809,14.606810280063588,5.374592833876224,3.4612902
DE,1962Q4,1962-11-13 05:05:27.272727264,,,2.04686068115942,,,,3.0,,,,,,,1962-11,10.981371325059364,13.414111347477586,3.937007874015741,11.689302032456261,14.1358272995441,5.128205128205132,2.5414366
DE,1963Q1,1963-02-12 05:11:45.154639168,,,2.045851953846154,,,,3.0,,,,,,,1963-02,11.008580505329402,13.325578490459966,4.192546583850909,10.981371325059364,13.414111347477586,3.937007874015741,2.4807238
DE,1963Q2,1963-05-13 17:08:34.285714272,,,2.038511841269841,,,,3.0,,,,,,,1963-05,11.059456814289192,13.077480086893555,4.945904173106652,11.008580505329402,13.325578490459966,4.192546583850909,3.1467336
DE,1963Q3,1963-08-13 05:20:00.000000000,,,2.0360472916666668,,,,3.0,,,,,,,1963-08,11.133995023219345,12.838115656847492,5.640243902439024,11.059456814289192,13.077480086893555,4.945904173106652,3.0188678
DE,1963Q4,1963-11-13 05:05:27.272727264,,,2.032980188405797,,,,3.0,,,,,,,1963-11,10.694355603590889,12.130656491816127,5.606060606060614,11.133995023219345,12.838115656847492,5.640243902439024,2.3173498
DE,1964Q1,1964-02-12 17:08:34.285714272,,,2.0320421129032256,,,,3.0,,,,,,0.0,1964-02,10.637410133515912,12.037668519781475,5.514157973174361,10.694355603590889,12.130656491816127,5.606060606060614,3.2810490000000003
DE,1964Q2,1964-05-13 17:08:34.285714272,,,2.031928212121212,,,,3.0,,,,,,0.0,1964-05,9.839591267218516,11.726838869715262,3.092783505154628,10.637410133515912,12.037668519781475,5.514157973174361,2.4208096
DE,1964Q3,1964-08-13 05:20:00.000000000,,,2.0324255833333336,,,,3.0,,,,,,0.0,1964-08,9.641288619227751,11.784150285331329,2.4531024531024626,9.839591267218516,11.726838869715262,3.092783505154628,1.989138
DE,1964Q4,1964-11-13 05:05:27.272727264,,,2.0328044857142857,,,,3.0,,,,,,0.0,1964-11,10.156818204461459,12.292016486032708,2.7259684361549352,9.641288619227751,11.784150285331329,2.4531024531024626,2.6857382000000003
DE,1965Q1,1965-02-12 05:11:45.154639168,,,2.0337382153846155,,,,3.381443298969072,,,,,,0.0,1965-02,9.938596915341114,12.1634334552833,2.259887005649719,10.156818204461459,12.292016486032708,2.7259684361549352,2.18713
DE,1965Q2,1965-05-13 17:08:34.285714272,,,2.037932696969697,,,,3.5,,,,,,0.0,1965-05,10.693136449597862,12.692685928723568,3.571428571428581,9.938596915341114,12.1634334552833,2.259887005649719,2.0544458
DE,1965Q3,1965-08-13 05:20:00.000000000,,,2.049865,,,,3.757575757575758,,,,,,0.0,1965-08,10.553198977512679,12.73349593401283,3.3802816901408628,10.693136449597862,12.692685928723568,3.571428571428581,2.8737726
DE,1965Q4,1965-11-13 05:05:27.272727280,,,2.0465615555555554,,,,4.0,,,,,,0.0,1965-11,9.92307727093895,12.270744831492486,2.7932960893854775,10.553198977512679,12.73349593401283,3.3802816901408628,3.846154
DE,1966Q1,1966-02-12 05:11:45.154639168,,,2.052042121212121,,,,4.0,,,,,,0.0,1966-02,9.668141398327057,11.852513745977621,2.4861878453038555,9.92307727093895,12.270744831492486,2.7932960893854775,4.0270684
DE,1966Q2,1966-05-13 17:08:34.285714288,,,2.051784369230769,,,,4.377551020408164,,,,,,0.0,1966-05,9.481118440637303,11.665158710188607,2.4827586206896513,9.668141398327057,11.852513745977621,2.4861878453038555,4.0765644000000005
DE,1966Q3,1966-08-13 05:20:00.000000000,,,2.040551917808219,,,,5.0,,,,,,0.0,1966-08,9.22913882873333,10.921380108020994,2.588555858310615,9.481118440637303,11.665158710188607,2.4827586206896513,4.2409496
DE,1966Q4,1966-11-13 05:05:27.272727280,,,2.033521846153846,,,,5.0,,,,,,0.0,1966-11,8.671021993302407,10.064374867567372,2.1739130434782705,9.22913882873333,10.921380108020994,2.588555858310615,3.1111114
DE,1967Q1,1967-02-12 05:11:45.154639168,,,2.0323034615384614,,,,4.304123711340206,,,,,,0.0,1967-02,7.194129205598121,8.283751065977896,1.7520215633423097,8.671021993302407,10.064374867567372,2.1739130434782705,2.8412602
DE,1967Q2,1967-05-13 17:08:34.285714288,,,2.033348435483871,,,,3.311224489795918,,,,,,0.0,1967-05,5.675374266540056,6.282602025161088,1.8842530282638048,7.194129205598121,8.283751065977896,1.7520215633423097,2.5630824
DE,1967Q3,1967-08-13 05:20:00.000000000,,,2.045684925373134,,,,3.0,,,,,,0.0,1967-08,4.6194672618363075,5.062448502679029,2.257636122177953,5.675374266540056,6.282602025161088,1.8842530282638048,1.770335
DE,1967Q4,1967-11-13 05:05:27.272727272,,,2.04155175,,,,3.0,,,,,,0.0,1967-11,4.76053469417117,5.0535608696249845,3.856382978723394,4.6194672618363075,5.062448502679029,2.257636122177953,1.8197884
DE,1968Q1,1968-02-12 17:08:34.285714288,,,2.044411409090909,,,,3.0,,,,,,0.0,1968-02,6.0693576746099875,6.459672309224218,5.033112582781452,4.76053469417117,5.0535608696249845,3.856382978723394,1.336202
DE,1968Q2,1968-05-13 17:08:34.285714288,,,2.038188761904762,,,,3.0,,,,,,0.0,1968-05,6.8983648127085795,7.34031035727174,5.019815059445176,6.0693576746099875,6.459672309224218,5.033112582781452,1.461598
DE,1968Q3,1968-08-13 05:20:00.000000000,,,2.044892694444444,,,,3.0,,,,,,0.0,1968-08,7.719968329838878,8.580277546390658,4.415584415584428,6.8983648127085795,7.34031035727174,5.019815059445176,1.3165426
DE,1968Q4,1968-11-13 05:05:27.272727272,,,2.036848,,,,3.0,,,,,,0.0,1968-11,8.35049832686483,9.397525175838183,2.94494238156211,7.719968329838878,8.580277546390658,4.415584415584428,1.270263
DE,1969Q1,1969-02-12 05:11:45.154639176,,,2.052022888888889,,,,3.0,,,,,,0.0,1969-02,10.386408684672777,11.933064639559209,3.783102143757877,8.35049832686483,9.397525175838183,2.94494238156211,1.6451809999999998
DE,1969Q2,1969-05-13 17:08:34.285714284,,,2.0469278571428573,,,,3.928571428571429,,,,,,0.0,1969-05,11.4768509474507,13.682591447014513,3.5220125786163514,10.386408684672777,11.933064639559209,3.783102143757877,1.533265
DE,1969Q3,1969-08-13 05:20:00.000000000,,,2.0384031142857144,,,,5.212121212121212,,,,,,0.0,1969-08,11.607395031186929,13.655190425084784,2.487562189054726,11.4768509474507,13.682591447014513,3.5220125786163514,1.9489556
DE,1969Q4,1969-11-13 05:05:27.272727273,,,1.8968024492753623,,,,6.0,,,,,,0.0,1969-11,12.153391543320646,14.147316193773275,2.3631840796019876,11.607395031186929,13.655190425084784,2.487562189054726,2.0901094
DE,1970Q1,1970-02-12 05:11:45.154639175,,118.9989,1.8831407049180329,,,,6.371134020618556,,,,,0.07554,0.0,1970-01,15.841754983497491,15.3653904588271,2.916160388821387,12.153391543320646,14.147316193773275,2.3631840796019876,1.989274
DE,1970Q2,1970-05-13 17:08:34.285714286,,123.27,1.8600883787878788,,,,7.5,,,,,0.10604,0.0,1970-04,15.414752600418025,14.502975860411826,1.8226002430133725,15.841754983497491,15.3653904588271,2.916160388821387,2.929191
DE,1970Q3,1970-08-13 05:20:00.000000000,,124.339,1.8566152777777776,,,,7.085858585858586,,,,,0.10064,0.0,1970-07,15.830040489779984,14.855306620709463,1.3349514563106624,15.414752600418025,14.502975860411826,1.8226002430133725,3.3682954
DE,1970Q4,1970-11-13 05:05:27.272727272,,124.7133,1.8589155285714287,,,,6.616161616161616,,,,,0.0587599999999999,0.0,1970-10,14.827194490207374,14.103921424752874,0.6075334143377908,15.830040489779984,14.855306620709463,1.3349514563106624,3.503313400000001
DE,1971Q1,1971-02-12 05:11:45.154639176,,125.7255,1.857594047619048,,,,6.0,,,,,0.06502,0.0,1971-01,9.975038958531579,11.554188862623205,-1.2987012987013102,14.827194490207374,14.103921424752874,0.6075334143377908,3.945319
DE,1971Q2,1971-05-13 17:08:34.285714288,,129.8376,1.8261045714285715,,,,5.0,,,,,0.06414,0.0,1971-04,9.517005400950062,11.074378030748179,-1.7899761336515496,9.975038958531579,11.554188862623205,-1.2987012987013102,4.2678824
DE,1971Q3,1971-08-13 05:20:00.000000000,,130.5305,1.750598076923077,,,,5.0,,,,,0.07232,0.0,1971-07,10.623210074123968,10.872317479172855,-0.8383233532934131,9.517005400950062,11.074378030748179,-1.7899761336515496,4.9756498
DE,1971Q4,1971-11-13 05:05:27.272727272,,129.7476,1.6918204705882351,,,,4.525252525252525,,,,,0.10192,0.0,1971-10,14.414685057518906,12.484918637196007,0.9661835748792313,10.623210074123968,10.872317479172855,-0.8383233532934131,5.758242
DE,1972Q1,1972-02-12 17:08:34.285714288,,129.7109,1.634253106060606,,,,3.612244897959184,,,,,0.02908,0.0,1972-01,16.344603253822743,13.388799036679377,2.2727272727272707,14.414685057518906,12.484918637196007,0.9661835748792313,5.760006199999999
DE,1972Q2,1972-05-13 17:08:34.285714288,,131.4522,1.6234663484848486,,,,3.0,,,,,0.02808,0.0,1972-04,18.736151513275946,14.172605829486894,3.645200486026723,16.344603253822743,13.388799036679377,2.2727272727272707,5.4166618
DE,1972Q3,1972-08-13 05:20:00.000000000,,131.0397,1.6262393384615383,,,,3.0,,,,,0.02672,0.0,1972-07,18.727127363406648,14.885176570099379,4.710144927536231,18.736151513275946,14.172605829486894,3.645200486026723,4.9499048000000005
DE,1972Q4,1972-11-13 05:05:27.272727280,,129.8337,1.6375672096774194,,,,3.919191919191919,,,,,0.0500199999999999,0.0,1972-10,15.35444121015679,13.74910503548552,3.947368421052655,18.727127363406648,14.885176570099379,4.710144927536231,5.3613236
DE,1973Q1,1973-02-12 05:11:45.154639168,,128.8482,1.53609821875,,,,4.93298969072165,,,,,0.0911,0.0,1973-01,15.580876995572357,14.305049805696623,4.093567251461994,15.35444121015679,13.74910503548552,3.947368421052655,6.1464928
DE,1973Q2,1973-05-13 17:08:34.285714288,,132.1882,1.3995453333333332,,,,5.928571428571429,,,,,0.14492,0.4,1973-04,19.459972268846236,15.453508620075173,4.572098475967179,15.580876995572357,14.305049805696623,4.093567251461994,6.3910496000000006
DE,1973Q3,1973-08-13 05:20:00.000000000,,132.1987,1.22456328125,,,,7.0,,,,,0.40674,1.0,1973-07,25.119597566963627,14.994269502710633,3.2295271049596286,19.459972268846236,15.453508620075173,4.572098475967179,7.1537848
DE,1973Q4,1973-11-13 05:05:27.272727280,,129.7299,1.2972199850746269,,,,7.0,,,,,0.45326,1.0,1973-10,24.953838969132434,15.008448250278805,2.9919447640966323,25.119597566963627,14.994269502710633,3.2295271049596286,7.1022486
DE,1974Q1,1974-02-12 05:11:45.154639168,,129.4368,1.389649238095238,,,,7.0,,,,,0.37614,1.0,1974-01,16.49775635884827,12.894851896382109,1.2359550561797494,24.953838969132434,15.008448250278805,2.9919447640966323,7.0324878
DE,1974Q2,1974-05-13 17:08:34.285714288,,132.5986,1.281456542857143,,,,7.0,,,,,0.37444,1.0,1974-04,12.815916611977606,10.856967713767851,0.5605381165919354,16.49775635884827,12.894851896382109,1.2359550561797494,7.452887800000001
DE,1974Q3,1974-08-13 05:20:00.000000000,,132.6047,1.3328860694444444,,,,7.0,,,,,0.34798,1.0,1974-07,4.670488528807315,9.97767657064319,0.893854748603351,12.815916611977606,10.856967713767851,0.5605381165919354,7.1624994
DE,1974Q4,1974-11-13 05:05:27.272727264,,130.0796,1.2969063636363636,,,,6.565656565656566,,,,,0.51318,1.0,1974-10,2.6677093785970607,9.268981935244902,0.893854748603351,4.670488528807315,9.97767657064319,0.893854748603351,6.924493200000001
DE,1975Q1,1975-02-12 05:11:45.154639168,,128.1796,1.1952873,,,,5.582474226804123,,,,,0.41398,1.0,1975-01,10.645171618852455,8.3508814393481,0.8879023307436729,2.6677093785970607,9.268981935244902,0.893854748603351,6.72242
DE,1975Q2,1975-05-13 17:08:34.285714272,,127.2637,1.2041284307692308,,,,4.790816326530612,,,,,0.22808,0.8,1975-04,7.848685645682085,7.187966814058067,0.557413600891854,10.645171618852455,8.3508814393481,0.8879023307436729,5.9452852
DE,1975Q3,1975-08-13 05:20:00.000000000,,126.3972,1.2982026805555555,,,,4.151515151515151,,,,,0.15468,0.0,1975-07,7.457216268453681,6.118552039711389,0.5537098560354448,7.848685645682085,7.187966814058067,0.557413600891854,6.1950778
DE,1975Q4,1975-11-13 05:05:27.272727264,,125.2817,1.3291182352941175,,,,3.5,,,,,0.0934199999999999,0.0,1975-10,2.7912675190313596,5.291082878967646,0.7751937984496138,7.457216268453681,6.118552039711389,0.5537098560354448,6.1316474
DE,1976Q1,1976-02-12 17:08:34.285714272,,123.4513,1.3161375846153844,,,,3.5,,,,,0.10868,0.0,1976-01,0.8365960870106104,6.561835653465686,2.2002200220021972,2.7912675190313596,5.291082878967646,0.7751937984496138,5.5125972
DE,1976Q2,1976-05-13 17:08:34.285714272,,123.8931,1.3072759242424243,,,,3.5,,,,,0.11722,0.0,1976-04,1.6316307413347442,6.754936163895486,1.5521064301551757,0.8365960870106104,6.561835653465686,2.2002200220021972,5.210437000000001
DE,1976Q3,1976-08-13 05:20:00.000000000,,124.4358,1.2959055555555556,,,,3.5,,,,,0.13368,0.0,1976-07,3.0185519324514187,8.006978173093815,1.211453744493407,1.6316307413347442,6.754936163895486,1.5521064301551757,4.4923924
DE,1976Q4,1976-11-13 05:05:27.272727264,,125.3169,1.2328727464788731,,,,3.5,,,,,0.11712,0.0,1976-10,12.252134551915228,8.929701885058794,0.7692307692307665,3.0185519324514187,8.006978173093815,1.211453744493407,3.700202200000001
DE,1977Q1,1977-02-12 05:11:45.154639168,,124.4579,1.2245661363636364,,,,3.5,,,,,0.07812,0.0,1977-01,13.321404588214424,8.690130338853063,-0.10764262648010892,12.252134551915228,8.929701885058794,0.7692307692307665,3.7085056
DE,1977Q2,1977-05-13 17:08:34.285714272,,125.7061,1.2083821212121213,,,,3.5,,,,,0.04648,0.0,1977-04,11.441024859273806,8.782838299891726,0.10917030567687558,13.321404588214424,8.690130338853063,-0.10764262648010892,3.8735808
DE,1977Q3,1977-08-13 05:20:00.000000000,,127.2199,1.1817673285714283,,,,3.5,,,,,0.0539599999999999,0.0,1977-07,13.046820028560123,8.748734410819559,0.761697497279612,11.441024859273806,8.782838299891726,0.10917030567687558,3.7325276
DE,1977Q4,1977-11-13 05:05:27.272727264,,128.4225,1.1367657258064514,,,,3.414141414141414,,,,,0.06266,0.0,1977-10,10.880368834150556,8.53192393780593,1.308615049073092,13.046820028560123,8.748734410819559,0.761697497279612,3.943971
DE,1978Q1,1978-02-12 05:11:45.154639168,,129.0396,1.0612216461538462,,,,3.0,,,,,0.0938,0.0,1978-01,14.054738494849639,8.632123386308699,1.7241379310344973,10.880368834150556,8.53192393780593,1.308615049073092,3.5138774
DE,1978Q2,1978-05-13 17:08:34.285714272,,130.7871,1.0618214262295085,,,,3.0,,,,,0.13242,0.0,1978-04,16.46853040566214,8.037621822702512,1.1995637949836269,14.054738494849639,8.632123386308699,1.7241379310344973,3.0257684
DE,1978Q3,1978-08-13 05:20:00.000000000,,133.4952,1.026685765625,,,,3.0,,,,,0.19232,0.0,1978-07,14.394949166387416,8.004583477994176,1.1879049676026154,16.46853040566214,8.037621822702512,1.1995637949836269,2.9335534
DE,1978Q4,1978-11-13 05:05:27.272727264,,135.0917,0.9596126451612904,,,,3.0,,,,,0.1339999999999999,0.0,1978-10,18.295762120183245,8.477005998834208,0.8611410118406715,14.394949166387416,8.004583477994176,1.1879049676026154,2.5896818
DE,1979Q1,1979-02-12 05:11:45.154639168,,135.4543,0.9486389393939394,,,,3.927835051546392,,,,,0.1505399999999999,0.0,1979-01,17.714401173240613,8.76409082637084,1.1652542372881047,18.295762120183245,8.477005998834208,0.8611410118406715,2.4631016
DE,1979Q2,1979-05-13 17:08:34.285714304,,138.5403,0.9693555081967212,,,,5.158163265306122,,,,,0.12734,0.0,1979-04,15.586261496149746,10.004333633581663,2.478448275862055,17.714401173240613,8.76409082637084,1.1652542372881047,2.877255
DE,1979Q3,1979-08-13 05:20:00.000000000,,139.5638,0.929169106060606,,,,5.929292929292929,,,,,0.06054,0.0,1979-07,18.428234398700983,10.80405523257908,2.5613660618996503,15.586261496149746,10.004333633581663,2.478448275862055,3.2018314000000005
DE,1979Q4,1979-11-13 05:05:27.272727296,,139.3361,0.9032467536231884,,,,6.636363636363637,,,,,0.0494,0.0,1979-10,17.83561665986184,10.518803726191205,2.3479188900747294,18.428234398700983,10.80405523257908,2.5613660618996503,4.491156999999999
DE,1980Q1,1980-02-12 17:08:34.285714304,,139.2642,0.9062087846153846,,,,7.520408163265306,,,,,0.14454,0.0,1980-01,14.5323658230188,10.313582309234693,1.9895287958115349,17.83561665986184,10.518803726191205,2.3479188900747294,5.247448
DE,1980Q2,1980-05-13 17:08:34.285714304,,140.2524,0.9319558615384615,,,,9.13265306122449,,,,,0.25792,0.0,1980-04,8.765700414914335,10.148209001179186,1.051524710830698,14.5323658230188,10.313582309234693,1.9895287958115349,5.275665
DE,1980Q3,1980-08-13 05:20:00.000000000,,141.2909,0.9072372876712328,,,,9.434343434343434,,,,,0.21314,0.4,1980-07,12.53768472283905,9.676051262503748,1.352757544224814,8.765700414914335,10.148209001179186,1.051524710830698,5.892431
DE,1980Q4,1980-11-13 05:05:27.272727296,,142.5771,0.97142215942029,,,,9.0,,,,,0.41712,1.0,1980-10,6.9107029830853595,9.332492786654733,2.085505735140769,12.53768472283905,9.676051262503748,1.352757544224814,5.253187800000001
DE,1981Q1,1981-02-12 05:11:45.154639168,,141.5936,1.0664078412698412,,,,9.0,,,,,0.4008,1.0,1981-01,2.983765712427089,10.159507235475118,3.901437371663219,6.9107029830853595,9.332492786654733,2.085505735140769,5.040994
DE,1981Q2,1981-05-13 17:08:34.285714304,,143.2212,1.1578651666666666,,,,9.0,,,,,0.29954,1.0,1981-04,6.200142209858162,10.874315205609197,6.243496357960465,2.983765712427089,10.159507235475118,3.901437371663219,5.807466
DE,1981Q3,1981-08-13 05:20:00.000000000,,142.3338,1.2425682222222223,,,,9.0,,,,,0.2484799999999999,1.0,1981-07,-5.27656086328121,10.253983165845826,6.262833675564661,6.200142209858162,10.874315205609197,6.243496357960465,5.8063744
DE,1981Q4,1981-11-13 05:05:27.272727296,,140.0288,1.1501081142857144,,,,9.0,,,,,0.2411,1.0,1981-10,-2.7654704861654222,10.365591749265812,6.230847803881501,-5.27656086328121,10.253983165845826,6.262833675564661,6.565127
DE,1982Q1,1982-02-12 05:11:45.154639168,,138.2868,1.2003634307692308,,,,9.0,,,,,0.1825,1.0,1982-01,0.4145077720207224,8.498615280940115,3.9525691699604737,-2.7654704861654222,10.365591749265812,6.230847803881501,7.2676434
DE,1982Q2,1982-05-13 17:08:34.285714304,,136.7363,1.2179644328358208,,,,9.0,,,,,0.0954199999999999,0.0,1982-04,-0.8460439483462645,6.902717026914851,2.0568070519099146,0.4145077720207224,8.498615280940115,3.9525691699604737,6.1906186
DE,1982Q3,1982-08-13 05:20:00.000000000,,135.1869,1.2680442916666663,,,,8.626262626262626,,,,,0.08706,0.0,1982-07,3.8892760402069237,6.413381904563131,1.6425120772946888,-0.8460439483462645,6.902717026914851,2.0568070519099146,5.2070506000000005
DE,1982Q4,1982-11-13 05:05:27.272727296,,133.6146,1.2794233888888888,,,,6.929292929292929,,,,,0.0845399999999999,0.0,1982-10,1.483485386254002,6.296407929734404,2.115384615384608,3.8892760402069237,6.413381904563131,1.6425120772946888,5.2097482
DE,1983Q1,1983-02-12 05:11:45.154639168,,132.7529,1.2319002923076925,,,,5.845360824742268,,,,,0.08368,0.0,1983-01,2.78741288588209,6.197626598929884,2.756653992395419,1.483485386254002,6.296407929734404,2.115384615384608,4.7222914000000005
DE,1983Q2,1983-05-13 17:08:34.285714304,,133.0032,1.272611193548387,,,,5.0,,,,,0.09804,0.0,1983-04,4.6283373325326504,5.436212097338133,2.303262955854102,2.78741288588209,6.197626598929884,2.756653992395419,4.0955998
DE,1983Q3,1983-08-13 05:20:00.000000000,,131.9363,1.3486086438356164,,,,5.116161616161616,,,,,0.1170399999999999,0.0,1983-07,4.148834115914379,5.625686225743243,2.2813688212927508,4.6283373325326504,5.436212097338133,2.303262955854102,3.5292296
DE,1983Q4,1983-11-13 05:05:27.272727296,,130.0562,1.3690213181818185,,,,5.5,,,,,0.13358,0.0,1983-10,4.3688961261207915,5.6721232206835115,1.6949152542372836,4.148834115914379,5.625686225743243,2.2813688212927508,3.0230772000000004
DE,1984Q1,1984-02-12 17:08:34.285714304,,127.7647,1.3816961492537314,,,,5.5,,,,,0.15342,0.0,1984-01,0.9056970365555861,5.977682179941546,0.9250693802035137,4.3688961261207915,5.6721232206835115,1.6949152542372836,2.7148348
DE,1984Q2,1984-05-13 17:08:34.285714304,,126.4926,1.386623475409836,,,,5.5,,,,,0.09318,0.0,1984-04,4.610460017477069,6.720596839400139,0.9380863039399667,0.9056970365555861,5.977682179941546,0.9250693802035137,2.7400464
DE,1984Q3,1984-08-13 05:20:00.000000000,,125.6981,1.4904909393939394,,,,5.5,,,,,0.1440799999999999,0.0,1984-07,3.215852549564624,6.326872457525723,0.8364312267658214,4.610460017477069,6.720596839400139,0.9380863039399667,2.8692684
DE,1984Q4,1984-11-13 05:05:27.272727296,,124.43940000000002,1.5592379420289857,,,,5.5,,,,,0.14636,0.0,1984-10,1.207665685983561,6.240743582766606,0.6481481481481532,3.215852549564624,6.326872457525723,0.8364312267658214,2.0571192
DE,1985Q1,1985-02-12 05:11:45.154639168,,122.8323,1.6644549384615386,,,,5.651546391752578,,,,,0.1040799999999999,0.0,1985-01,0.5247520191628441,5.630976466781146,0.6416131989001039,1.207665685983561,6.240743582766606,0.6481481481481532,2.1146322
DE,1985Q2,1985-05-13 17:08:34.285714304,,121.84340000000002,1.579314507692308,,,,5.554591836734694,,,,,0.07138,0.0,1985-04,-0.15963782403213278,6.02371595042277,1.9516728624535462,0.5247520191628441,5.630976466781146,0.6416131989001039,2.2564326
DE,1985Q3,1985-08-13 05:20:00.000000000,,122.3284,1.4632058472222222,,,,4.844444444444444,,,,,0.05874,0.0,1985-07,2.544508040296667,5.613989287482557,1.0138248847926024,-0.15963782403213278,6.02371595042277,1.9516728624535462,2.3812672
DE,1985Q4,1985-11-13 05:05:27.272727296,,122.0951,1.3258571142857145,,,,4.568181818181818,,,,,0.11284,0.0,1985-10,10.215784924686533,4.3966415688276195,0.09199632014718073,2.544508040296667,5.613989287482557,1.0138248847926024,2.1054568
DE,1986Q1,1986-02-12 05:11:45.154639168,,121.9063,1.2025284262295082,,,,4.458762886597938,,,,,0.16978,0.0,1986-01,16.281375180909684,4.6972660826579915,0.2732240437158362,10.215784924686533,4.3966415688276195,0.09199632014718073,1.5755136
DE,1986Q2,1986-05-13 17:08:34.285714304,,122.8822,1.151786393939394,,,,4.347959183673469,,,,,0.18456,0.0,1986-04,17.700321139262588,4.188057281815727,-0.8204193254330083,16.281375180909684,4.6972660826579915,0.2732240437158362,0.9823708
DE,1986Q3,1986-08-13 05:20:00.000000000,,123.2271,1.069852191780822,,,,4.35,,,,,0.22052,0.0,1986-07,20.51233327837252,4.293082330318532,-0.9124087591240837,17.700321139262588,4.188057281815727,-0.8204193254330083,0.0
DE,1986Q4,1986-11-13 05:05:27.272727296,,122.9874,1.0264614347826089,,,,4.437878787878788,,,,,0.2486,0.0,1986-10,18.84630075898879,4.3936519255175055,-0.9191176470588203,20.51233327837252,4.293082330318532,-0.9124087591240837,-0.3325948
DE,1987Q1,1987-02-12 05:11:45.154639168,,121.5717,0.940542,,,,4.125773195876288,,,,,0.41178,0.0,1987-01,16.00001576317407,3.250355813330841,-2.179836512261557,18.84630075898879,4.3936519255175055,-0.9191176470588203,-0.8640824
DE,1987Q2,1987-05-13 17:08:34.285714304,,121.1573,0.9240648636363636,,,,3.669897959183673,,,,,0.25182,0.0,1987-04,16.48277954302322,2.905061445256041,-2.022058823529427,16.00001576317407,3.250355813330841,-2.179836512261557,-0.617737
DE,1987Q3,1987-08-13 05:20:00.000000000,,121.1435,0.9395319444444444,,,,3.5929292929292926,,,,,0.20134,0.0,1987-07,12.071692565942538,2.3688684025564344,-2.0257826887660757,16.48277954302322,2.905061445256041,-2.022058823529427,0.0221484
DE,1987Q4,1987-11-13 05:05:27.272727296,,121.479,0.8767315774647888,,,,3.528787878787879,,,,,0.22628,0.0,1987-10,8.678124686016918,3.38686174122913,-0.4638218923933235,12.071692565942538,2.3688684025564344,-2.0257826887660757,0.4895324
DE,1988Q1,1988-02-12 17:08:34.285714304,,121.05400000000002,0.8573504393939394,,,,3.25,,,,,0.1435799999999999,0.0,1988-01,14.62068168924131,3.3405507212169505,0.09285051067779992,8.678124686016918,3.38686174122913,-0.4638218923933235,0.9387725999999998
DE,1988Q2,1988-05-13 17:08:34.285714304,,121.6456,0.8739936935483871,,,,3.2755102040816326,,,,,0.09,0.0,1988-04,8.58597433929158,3.8612227151587186,-0.09380863039397669,14.62068168924131,3.3405507212169505,0.09285051067779992,0.9328894
DE,1988Q3,1988-08-13 05:20:00.000000000,,122.3705,0.95279698630137,,,,4.088383838383838,,,,,0.1445,0.0,1988-07,4.954230697430972,4.401448228235649,0.46992481203007586,8.58597433929158,3.8612227151587186,-0.09380863039397669,1.085002
DE,1988Q4,1988-11-13 05:05:27.272727296,,122.2532,0.9067209545454544,,,,4.4944444444444445,,,,,0.06834,0.0,1988-10,3.122266327425449,3.9051377927673325,-0.6523765144454963,4.954230697430972,4.401448228235649,0.46992481203007586,1.2619692
DE,1989Q1,1989-02-12 05:11:45.154639232,,121.3874,0.945922,,,,5.572164948453608,,,,,0.06916,0.0,1989-01,-0.8767197994036691,4.731462469692271,-0.4638218923933235,3.122266327425449,3.9051377927673325,-0.6523765144454963,1.5942682
DE,1989Q2,1989-05-13 17:08:34.285714304,,121.3138,0.990068888888889,,,,6.222448979591836,,,,,0.06018,0.0,1989-04,-1.1560848337525131,5.2461886001429425,-0.28169014084507005,-0.8767197994036691,4.731462469692271,-0.4638218923933235,2.376676
DE,1989Q3,1989-08-13 05:20:00.000000000,,122.9987,0.9836045373134328,,,,6.6893939393939394,,,,,0.06392,0.0,1989-07,2.445964286720259,5.6200370728365145,-0.2806361085126663,-1.1560848337525131,5.2461886001429425,-0.28169014084507005,2.9135494
DE,1989Q4,1989-11-13 05:05:27.272727296,,124.1484,0.9280410769230768,,,,7.291919191919192,,,,,0.14842,0.0,1989-10,6.898039602216266,6.0746284022128005,0.0,2.445964286720259,5.6200370728365145,-0.2806361085126663,2.7765778
DE,1990Q1,1990-02-12 05:11:45.154639232,,126.0872,0.8648160757575757,,,,7.743814432989691,,,,,0.1708599999999999,0.0,1990-01,9.73320256591197,6.637257745433089,0.4659832246039164,6.898039602216266,6.0746284022128005,0.0,3.0296914
DE,1990Q2,1990-05-13 17:08:34.285714304,,128.8115,0.8578635967741935,,,,7.798979591836734,,,,,0.10762,0.0,1990-04,14.287896373734599,7.851319110884569,1.412429378531077,9.73320256591197,6.637257745433089,0.4659832246039164,2.7084852
DE,1990Q3,1990-08-13 05:20:00.000000000,,129.9628,0.8150551230769231,,,,7.922727272727273,,,,,0.13304,0.0,1990-07,15.373989779287811,6.7705433506927815,-0.37523452157596227,14.287896373734599,7.851319110884569,1.412429378531077,2.277526
DE,1990Q4,1990-11-13 05:05:27.272727296,,129.2914,0.7700930285714286,,,,8.148484848484848,,,,,0.2008599999999999,0.0,1990-10,17.300419482878105,7.448863591762223,-0.8442776735459456,15.373989779287811,6.7705433506927815,-0.37523452157596227,2.6163884
DE,1991Q1,1991-02-12 05:11:45.154639232,,129.7609,0.782352296875,,,,8.525773195876289,,,,,0.27288,0.0,1991-01,14.29227348446176,7.725750298241163,-1.3914656771799594,17.300419482878105,7.448863591762223,-0.8442776735459456,3.17381
DE,1991Q2,1991-05-13 17:08:34.285714304,,131.1746,0.8868668387096774,,,,8.62295918367347,,,,,0.22546,0.0,1991-04,6.000319151646649,7.049671836690097,-2.506963788300842,14.29227348446176,7.725750298241163,-1.3914656771799594,2.5253802
DE,1991Q3,1991-08-13 05:20:00.000000000,,130.2109,0.8947133611111112,,,,8.902525252525253,,,,,0.11728,0.0,1991-07,4.538120850625149,9.045957050334863,-0.941619585687381,6.000319151646649,7.049671836690097,-2.506963788300842,2.7900356
DE,1991Q4,1991-11-13 05:05:27.272727296,,128.9868,0.8350658857142856,,,,9.095454545454546,,,,,0.10666,0.0,1991-10,5.811428265606988,10.196243297057418,0.9460737937559083,4.538120850625149,9.045957050334863,-0.941619585687381,4.195198
DE,1992Q1,1992-02-12 17:08:34.285714304,,129.215,0.827741125,,,,9.433163265306122,,,,,0.06152,0.0,1992-01,9.765086550302037,10.235752198674962,0.940733772342428,5.811428265606988,10.196243297057418,0.9460737937559083,4.8850880000000005
DE,1992Q2,1992-05-13 17:08:34.285714304,,129.9487,0.826426803030303,,,,9.625,,,,,0.05106,0.0,1992-04,13.79566411502986,11.044562060746488,2.0952380952381056,9.765086550302037,10.235752198674962,0.940733772342428,5.740322000000001
DE,1992Q3,1992-08-13 05:20:00.000000000,,130.6494,0.7496895138888889,,,,9.607575757575756,,,,,0.2888199999999999,1.0,1992-07,21.973431699423962,10.830083128951863,2.566539923954392,13.79566411502986,11.044562060746488,2.0952380952381056,6.0539388
DE,1992Q4,1992-11-13 05:05:27.272727296,,130.7798,0.788011676056338,,,,8.813939393939394,,,,,0.4290599999999999,1.0,1992-10,21.321189010837017,9.55373205842558,1.4058106841611906,21.973431699423962,10.830083128951863,2.566539923954392,4.983923
DE,1993Q1,1993-02-12 05:11:45.154639232,,129.2254,0.8363207384615384,,,,8.504845360824742,,,,,0.18076,0.0,1993-01,5.01958456113929,7.513690730369493,0.5591798695247174,21.321189010837017,9.55373205842558,1.4058106841611906,3.3805908
DE,1993Q2,1993-05-13 17:08:34.285714304,,129.5808,0.8274495820895522,,,,7.778979591836735,,,,,0.08778,0.0,1993-04,8.947287676593385,7.789098605726474,2.332089552238803,5.01958456113929,7.513690730369493,0.5591798695247174,4.5863632
DE,1993Q3,1993-08-13 05:20:00.000000000,,129.9122,0.8582806666666667,,,,6.9550505050505045,,,,,0.08526,0.0,1993-07,1.109833239483038,7.665310899682032,3.151065801668196,8.947287676593385,7.789098605726474,2.332089552238803,4.566690599999999
DE,1993Q4,1993-11-13 05:05:27.272727296,,130.7818,0.8599015068493151,,,,6.351212121212121,,,,,0.04968,0.0,1993-10,-0.8931209072891355,7.974766204494532,4.43622920517559,1.109833239483038,7.665310899682032,3.151065801668196,4.563553000000001
DE,1994Q1,1994-02-12 05:11:45.154639232,,130.4858,0.8804927272727273,,,,5.964948453608248,,,,,0.17206,0.0,1994-01,4.9145478862753,10.227306778886259,7.228915662650581,-0.8931209072891355,7.974766204494532,4.43622920517559,4.3401546
DE,1994Q2,1994-05-13 17:08:34.285714304,,131.4301,0.8488183870967742,,,,5.354897959183673,,,,,0.1807399999999999,0.0,1994-04,6.9485558096353595,7.00391925680699,3.4639927073837784,4.9145478862753,10.227306778886259,7.228915662650581,3.0130712
DE,1994Q3,1994-08-13 05:20:00.000000000,,131.7095,0.8001450410958904,,,,4.87121212121212,,,,,0.21326,0.0,1994-07,12.440730877449969,6.304357908966662,2.605570530098844,6.9485558096353595,7.00391925680699,3.4639927073837784,2.7737832
DE,1994Q4,1994-11-13 05:05:27.272727296,,131.6891,0.7892393939393939,,,,4.85,,,,,0.11818,0.0,1994-10,12.015844491827309,6.0042391016365215,1.9469026548672552,12.440730877449969,6.304357908966662,2.605570530098844,2.4311838000000003
DE,1995Q1,1995-02-12 05:11:45.154639232,,130.6659,0.7563021194029851,,,,4.85,,,,,0.14356,0.0,1995-01,14.071598458805369,5.25774948768416,0.6050129645635449,12.015844491827309,6.0042391016365215,1.9469026548672552,2.343299
DE,1995Q2,1995-05-13 17:08:34.285714304,,130.7288,0.7147390327868852,,,,4.53234693877551,,,,,0.15014,0.0,1995-04,16.877566143287414,3.636371787521231,-0.6167400881057272,14.071598458805369,5.25774948768416,0.6050129645635449,2.1729076
DE,1995Q3,1995-08-13 05:20:00.000000000,,129.8932,0.7323766119402985,,,,4.382929292929292,,,,,0.14682,0.0,1995-07,13.522712950847925,4.243347066355785,-0.17513134851138146,16.877566143287414,3.636371787521231,-0.6167400881057272,1.808862
DE,1995Q4,1995-11-13 05:05:27.272727296,,129.729,0.7278964923076923,,,,3.981010101010101,,,,,0.12822,0.0,1995-10,9.270180390177906,3.508779519005789,-0.78125,13.522712950847925,4.243347066355785,-0.17513134851138146,1.8016774
DE,1996Q1,1996-02-12 17:08:34.285714304,,128.0322,0.7508729545454546,,,,3.4443877551020408,,,,,0.12098,0.0,1996-01,9.46194271836327,2.5954913246482025,-0.945017182130603,9.270180390177906,3.508779519005789,-0.78125,1.6600916
DE,1996Q2,1996-05-13 17:08:34.285714304,,127.114,0.7767241538461539,,,,3.3,,,,,0.1331999999999999,0.0,1996-04,3.079053483911398,6.115286341325543,2.9255319148935977,9.46194271836327,2.5954913246482025,-0.945017182130603,1.4172446
DE,1996Q3,1996-08-13 05:20:00.000000000,,126.35020000000002,0.7665105915492958,,,,3.1909090909090905,,,,,0.0776599999999999,0.0,1996-07,1.181045456654184,5.443823157340311,3.0701754385964897,3.079053483911398,6.115286341325543,2.9255319148935977,1.325414
DE,1996Q4,1996-11-13 05:05:27.272727296,,125.5565,0.7820903142857143,,,,3.0,,,,,0.0576999999999999,0.0,1996-10,2.5218195399330012,5.375280064080967,3.762029746281703,1.181045456654184,5.443823157340311,3.0701754385964897,1.264045
DE,1997Q1,1997-02-12 05:11:45.154639232,,123.6047,0.8466956393442623,,,,3.0,,,,,0.07502,0.0,1997-01,2.8393537850025075,5.775648328390881,4.249783174327848,2.5218195399330012,5.375280064080967,3.762029746281703,1.5202566000000002
DE,1997Q2,1997-05-13 17:08:34.285714304,,122.8746,0.8746047313432836,,,,3.0,,,,,0.1037599999999999,0.0,1997-04,0.010612045780677981,5.6211425729497,3.875968992248069,2.8393537850025075,5.775648328390881,4.249783174327848,1.9290276
DE,1997Q3,1997-08-13 05:20:00.000000000,,121.3101,0.921602625,,,,3.0,,,,,0.06364,0.0,1997-07,0.12416809365007886,5.348840943229938,3.4893617021276357,0.010612045780677981,5.6211425729497,3.875968992248069,1.5585724
DE,1997Q4,1997-11-13 05:05:27.272727296,,120.90000000000002,0.898433742857143,,,,3.2515151515151515,,,,,0.05692,0.0,1997-10,-0.6207152485492973,5.101082588641437,2.95109612141653,0.12416809365007886,5.348840943229938,3.4893617021276357,2.3300968
DE,1998Q1,1998-02-12 05:11:45.154639232,,120.15770000000002,0.9302272698412698,,,,3.3,,,,,0.04318,0.0,1998-01,-1.4832738618237973,4.693123923084319,2.4958402662229595,-0.6207152485492973,5.101082588641437,2.95109612141653,2.1076486
DE,1998Q2,1998-05-13 17:08:34.285714304,,120.0255,0.9194600307692308,,,,3.3,,,,,0.0416,0.0,1998-04,1.7152208628631094,4.695875172341335,2.1558872305141197,-1.4832738618237973,4.693123923084319,2.4958402662229595,1.2064942
DE,1998Q3,1998-08-13 05:20:00.000000000,,119.529,0.9031015833333332,,,,3.3,,,,,0.13152,0.0,1998-07,4.6483452256288915,4.547482788605728,1.8092105263157965,1.7152208628631094,4.695875172341335,2.1558872305141197,1.342881
DE,1998Q4,1998-11-13 05:05:27.272727296,,119.9936,0.8499784929577464,,,,3.227272727272727,,,,,0.19426,0.0,1998-10,9.680322434088495,5.159617801119554,2.4570024570024662,4.6483452256288915,4.547482788605728,1.8092105263157965,0.6776169999999999
DE,1999Q1,1999-02-13 13:05:27.272727296,,119.8707,0.8922776507936508,13.300000000000002,9.5,26.8,,,,,,0.19112,0.0,1999-02,11.314810135097076,6.120714739181032,3.5714285714285587,9.680322434088495,5.159617801119554,2.4570024570024662,0.3802877999999999
DE,1999Q2,1999-05-14 15:31:45.882352896,,119.2507,0.9458359402985076,13.5,9.6,27.2,,,,,,0.1820999999999999,0.0,1999-04,8.094755668306352,3.716377291963946,1.7045454545454586,11.314810135097076,6.120714739181032,3.5714285714285587,0.1625648
DE,1999Q3,1999-08-14 08:20:52.173913088,,118.9177,0.9545557941176472,13.6,9.6,27.600000000000005,,,,,,0.2300799999999999,0.0,1999-07,4.675417444372565,4.736519007383633,2.9079159935379906,8.094755668306352,3.716377291963946,1.7045454545454586,0.6220244
DE,1999Q4,1999-11-14 22:14:07.058823552,,119.1314,0.963068671641791,13.800000000000002,9.6,28.399999999999995,,,,,,0.17368,0.0,1999-11,2.305038792936709,4.712651010725244,2.877697841726623,4.675417444372565,4.736519007383633,2.9079159935379906,0.6464676
DE,2000Q1,2000-02-13 23:17:38.823529472,,118.7552,1.0142900153846153,14.1,9.8,29.0,,,,,,0.1642199999999999,0.0,2000-01,-1.2447031055981772,5.460354330831341,3.2915360501567736,2.305038792936709,4.712651010725244,2.877697841726623,0.9468968
DE,2000Q2,2000-05-14 23:17:38.823529472,,118.8544,1.0723047903225806,14.300000000000002,9.8,29.7,,,,,,0.26454,0.0,2000-04,1.8038798060049155,9.046533174623628,6.464485235434969,-1.2447031055981772,5.460354330831341,3.2915360501567736,1.568884
DE,2000Q3,2000-08-13 23:17:38.823529472,,118.0858,1.1058496615384616,14.300000000000002,9.7,29.899999999999995,,,,,,0.14738,0.0,2000-07,2.572374384369791,9.241738685311262,6.279434850863419,1.8038798060049155,9.046533174623628,6.464485235434969,0.9942988
DE,2000Q4,2000-11-13 00:21:10.588235264,,117.6994,1.152572126984127,14.800000000000002,9.8,31.600000000000005,,,,,,0.12196,0.0,2000-10,-3.032947666269603,8.047258917304912,4.972804972804967,2.572374384369791,9.241738685311262,6.279434850863419,1.3377583999999998
DE,2001Q1,2001-02-12 16:28:39.402985088,,116.9065,1.08361665625,14.699999999999998,9.8,30.100000000000005,,,,,,0.06996,0.0,2001-01,1.2648565179199434,9.495738329478321,6.676783004552345,-3.032947666269603,8.047258917304912,4.972804972804967,1.6614882000000002
DE,2001Q2,2001-05-14 00:21:10.588235264,,115.873,1.1466277903225808,14.5,9.7,28.899999999999995,,,,,,0.09544,0.0,2001-04,0.3319808536798696,8.772968673944792,5.847076461769096,1.2648565179199434,9.495738329478321,6.676783004552345,1.6777632
DE,2001Q3,2001-08-13 06:57:23.478260864,,115.5665,1.1241910923076923,14.300000000000002,9.7,27.7,,,,,,0.10024,0.0,2001-07,-2.1630083704581415,7.309665941018273,4.652880354505151,0.3319808536798696,8.772968673944792,5.847076461769096,2.5013156
DE,2001Q4,2001-11-13 15:39:07.826086912,,115.2273,1.115782615384615,14.1,9.6,26.899999999999995,,,,,,0.1190399999999999,0.0,2001-10,3.933332106170262,8.079487095452098,5.329385640266482,-2.1630083704581415,7.309665941018273,4.652880354505151,2.0591644
DE,2002Q1,2002-02-12 08:43:38.181818240,,114.0475,1.1409279516129032,14.1,9.5,27.5,,,,,,0.13372,0.0,2002-01,-0.5117130804483505,4.05874002187625,0.8534850640113945,3.933332106170262,8.079487095452098,5.329385640266482,1.7401952
DE,2002Q2,2002-05-13 22:56:28.235294080,,113.661,1.0895684603174605,14.199999999999998,9.5,28.0,,,,,,0.14832,0.0,2002-04,-0.9676629333694287,2.7459664705214326,0.21246458923513956,-0.5117130804483505,4.05874002187625,0.8534850640113945,1.9643922
DE,2002Q3,2002-08-13 16:00:00.000000000,,113.2678,1.0164095147058825,14.300000000000002,9.5,28.2,,,,,,0.26692,0.0,2002-07,8.026435649310093,3.3363181076860426,1.199717713479198,-0.9676629333694287,2.7459664705214326,0.21246458923513956,1.4282072
DE,2002Q4,2002-11-14 00:41:44.347826048,,112.9082,1.001369606060606,14.300000000000002,9.5,28.3,,,,,,0.241,0.0,2002-10,4.535065327293664,2.9422448001408696,1.054111033028815,8.026435649310093,3.3363181076860426,1.199717713479198,1.2158094
DE,2003Q1,2003-02-12 19:45:52.941176448,,111.5994,0.9320491746031746,14.300000000000002,9.5,28.600000000000005,,,,,,0.2149,0.0,2003-01,9.084370598589508,2.8322664646698303,1.6220028208744575,4.535065327293664,2.9422448001408696,1.054111033028815,1.2182006
DE,2003Q2,2003-05-14 08:07:03.529411712,,111.2947,0.8815845,14.300000000000002,9.5,29.399999999999995,,,,,,0.26812,0.0,2003-04,11.960209924592613,3.24635701112721,2.1201413427561766,9.084370598589508,2.8322664646698303,1.6220028208744575,1.0787744
DE,2003Q3,2003-08-13 18:42:21.176470528,,110.4568,0.8887096323529411,14.300000000000002,9.4,29.5,,,,,,0.21836,0.0,2003-07,7.971459173176432,2.4385184031477047,1.3947001394700065,11.960209924592613,3.24635701112721,2.1201413427561766,0.8191022
DE,2003Q4,2003-11-13 23:18:15.652173952,,109.7389,0.8420871515151515,14.300000000000002,9.3,29.899999999999995,,,,,,0.1589999999999999,0.0,2003-10,9.070707831812076,1.6989394852186201,0.9735744089012455,7.971459173176432,2.4385184031477047,1.3947001394700065,0.9456054
DE,2004Q1,2004-02-13 15:52:56.470588288,,108.4347,0.80040390625,13.9,9.2,28.2,,,,,,0.12516,0.0,2004-01,9.61097798001951,0.7702883900726931,0.1387925052047212,9.070707831812076,1.6989394852186201,0.9735744089012455,1.1777902
DE,2004Q2,2004-05-14 15:31:45.882352896,,107.8523,0.8296841692307693,13.6,9.2,27.0,,,,,,0.07966,0.0,2004-04,5.386926603268094,-1.2247503717000119,-2.145328719723183,9.61097798001951,0.7702883900726931,0.1387925052047212,1.0676452
DE,2004Q3,2004-08-14 08:20:52.173913088,,107.2734,0.8185150294117647,13.5,9.1,26.2,,,,,,0.0693,0.0,2004-07,2.4652025745790285,-2.050867112534882,-3.5763411279229773,5.386926603268094,-1.2247503717000119,-2.145328719723183,1.7772972
DE,2004Q4,2004-11-14 22:14:07.058823552,,106.58570000000002,0.7723762205882353,13.199999999999998,9.1,25.3,,,,,,0.06552,0.0,2004-11,2.3938716362878587,-2.4713590201022484,-4.1322314049586755,2.4652025745790285,-2.050867112534882,-3.5763411279229773,1.7721519999999995
DE,2005Q1,2005-02-13 06:48:21.492537344,,106.0967,0.7627258064516129,13.199999999999998,9.0,25.600000000000005,,,,,,0.0674,0.0,2005-01,2.920309011676858,-2.7337992678172385,-4.435204435204443,2.3938716362878587,-2.4713590201022484,-4.1322314049586755,1.8974024
DE,2005Q2,2005-05-15 00:42:21.176470528,,105.2405,0.7939579253731343,13.199999999999998,8.9,25.5,,,,,,0.07586,0.0,2005-04,1.9239341022901701,-1.7964636976742332,-3.323903818953333,2.920309011676858,-2.7337992678172385,-4.435204435204443,1.5838722
DE,2005Q3,2005-08-14 22:14:07.058823552,,104.263,0.8200916029411766,13.1,8.9,25.5,,,,,,0.0615,0.0,2005-07,-1.5096416024158343,-1.1740276793033133,-2.068473609129795,1.9239341022901701,-1.7964636976742332,-3.323903818953333,1.147383
DE,2005Q4,2005-11-13 23:17:38.823529472,,104.1059,0.84158021875,12.9,8.8,24.8,,,,,,0.0617599999999999,0.0,2005-10,-2.404474923469757,-0.6243465453846464,-1.5804597701149392,-1.5096416024158343,-1.1740276793033133,-2.068473609129795,1.691636
DE,2006Q1,2006-02-13 00:21:10.588235264,,102.6415,0.8318094153846154,12.9,8.7,24.5,,,,,,0.03288,0.0,2006-01,-8.127326656636702,0.24285956851264334,-1.087744742567076,-2.404474923469757,-0.6243465453846464,-1.5804597701149392,1.7390316
DE,2006Q2,2006-05-14 23:17:38.823529472,,103.6188,0.7950367903225807,12.800000000000002,8.7,24.399999999999995,,,,,,0.05342,0.0,2006-04,-3.170112136127945,1.828162023969715,0.0,-8.127326656636702,0.24285956851264334,-1.087744742567076,1.6836148000000002
DE,2006Q3,2006-08-13 23:17:38.823529472,,104.2189,0.7847818769230769,12.800000000000002,8.6,24.399999999999995,,,,,,0.05482,0.0,2006-07,3.7501145591599894,2.543319930837451,-0.2913328477785915,-3.170112136127945,1.828162023969715,0.0,2.0223212
DE,2006Q4,2006-11-13 00:21:10.588235264,,103.0737,0.7763037936507937,12.699999999999998,8.5,23.8,,,,,,0.0315,0.0,2006-10,3.756776242119275,3.097320818295546,-0.4379562043795526,3.7501145591599894,2.543319930837451,-0.2913328477785915,1.5903497999999998
DE,2007Q1,2007-02-12 16:28:39.402984960,,101.6453,0.76310078125,12.5,8.4,23.2,,,,,,0.022,0.0,2007-01,6.978738320907074,3.0433072583832432,-1.3196480938416522,3.756776242119275,3.097320818295546,-0.4379562043795526,1.2202344
DE,2007Q2,2007-05-14 00:21:10.588235264,,100.7383,0.7417955967741935,12.4,8.3,23.0,,,,,,0.03596,0.0,2007-04,5.207764159151473,1.617709677214374,-3.3650329188002925,6.978738320907074,3.0433072583832432,-1.3196480938416522,1.8257162
DE,2007Q3,2007-08-13 06:57:23.478260992,,100.8471,0.7280084461538462,12.300000000000002,8.3,22.5,,,,,,0.07438,0.0,2007-07,2.7129787497922164,0.8598192913655156,-4.163623082542012,5.207764159151473,1.617709677214374,-3.3650329188002925,2.0305056
DE,2007Q4,2007-11-13 15:39:07.826086912,,100.1891,0.6908656363636364,12.4,8.2,22.7,,,,,,0.03938,0.0,2007-10,6.157315800533314,0.060842797422155925,-5.058651026392969,2.7129787497922164,0.8598192913655156,-4.163623082542012,2.19174
DE,2008Q1,2008-02-13 07:45:52.941176576,,101.639,0.6682099032258065,12.300000000000002,8.1,22.7,,,,,,0.08744,0.0,2008-01,7.439960074205509,0.7866668866727045,-3.937592867756301,6.157315800533314,0.060842797422155925,-5.058651026392969,2.9657498
DE,2008Q2,2008-05-14 08:07:03.529411840,,101.8112,0.6401335,12.199999999999998,8.0,22.8,,,,,,0.05184,0.0,2008-04,12.219182773902393,1.1879086484865242,-3.02800908402725,7.439960074205509,0.7866668866727045,-3.937592867756301,2.8445346
DE,2008Q3,2008-08-13 18:42:21.176470528,,100.63259999999998,0.6646573382352942,12.199999999999998,8.0,23.2,,,,,,0.12362,0.2,2008-07,11.696661280696352,1.169516026384132,-2.5152439024390016,12.219182773902393,1.1879086484865242,-3.02800908402725,2.653271
DE,2008Q4,2008-11-13 23:18:15.652173824,,101.9201,0.7585847272727273,12.300000000000002,8.0,24.0,,,,,,0.47244,1.0,2008-10,2.4539088979451007,1.7651438219187687,-1.0038610038610174,11.696661280696352,1.169516026384132,-2.5152439024390016,3.1809346
DE,2009Q1,2009-02-13 04:56:28.235294208,,101.7331,0.7680672380952381,12.4,7.900000000000001,24.899999999999995,,,,,,0.4755,1.0,2009-01,-1.3051115002303493,2.0762048385368104,0.46403712296982924,2.4539088979451007,1.7651438219187687,-1.0038610038610174,1.970044
DE,2009Q2,2009-05-14 11:06:16.119403008,,100.184,0.73480990625,12.5,7.900000000000001,25.600000000000005,,,,,,0.35994,1.0,2009-04,-8.332145095107945,1.834185910033037,2.576112412177989,-1.3051115002303493,2.0762048385368104,0.46403712296982924,0.8606362000000001
DE,2009Q3,2009-08-13 23:18:15.652173824,,99.9545,0.6996368823529412,12.4,7.900000000000001,25.399999999999995,,,,,,0.25262,1.0,2009-07,-5.881137753829735,1.277625254739112,3.9874902267396317,-8.332145095107945,1.834185910033037,2.576112412177989,0.4626171999999999
DE,2009Q4,2009-11-14 08:20:52.173913088,,100.2817,0.6771069701492537,12.300000000000002,7.900000000000001,24.899999999999995,,,,,,0.1989399999999999,1.0,2009-10,1.0834761058367004,0.1006463343521391,3.9781591263650773,-5.881137753829735,1.277625254739112,3.9874902267396317,-0.3194266
DE,2010Q1,2010-02-13 13:05:27.272727296,,99.1342,0.723544,12.199999999999998,7.8,24.5,,,,,,0.12114,1.0,2010-02,0.2535761310769935,-0.8883000646993988,3.156274056966901,1.0834761058367004,0.1006463343521391,3.9781591263650773,0.2530324
DE,2010Q2,2010-05-14 15:31:45.882352896,,99.8472,0.7869026153846155,12.300000000000002,7.8,24.5,,,,,,0.18132,0.8,2010-04,-1.0292797772144202,-0.6777677666711446,1.0654490106544845,0.2535761310769935,-0.8883000646993988,3.156274056966901,0.8526726
DE,2010Q3,2010-08-14 08:20:52.173913088,,100.4955,0.775981455882353,12.199999999999998,7.8,24.5,,,,,,0.11362,0.0,2010-07,-8.448845776417091,0.41948008282080007,-0.300751879699257,-1.0292797772144202,-0.6777677666711446,1.0654490106544845,1.1947704
DE,2010Q4,2010-11-14 22:14:07.058823424,,100.51529999999998,0.7364667794117646,12.1,7.7,24.3,,,,,,0.0613,0.0,2010-11,-4.836713104907398,1.7381037639293107,-1.2003000750187676,-8.448845776417091,0.41948008282080007,-0.300751879699257,1.0539972
DE,2011Q1,2011-02-13 06:48:21.492537344,,100.2208,0.73140825,11.699999999999998,7.5,23.0,,,,,,0.0571799999999999,0.0,2011-01,-4.210995147220309,1.2689761721564885,-3.2835820895522394,-4.836713104907398,1.7381037639293107,-1.2003000750187676,1.3287368000000002
DE,2011Q2,2011-05-15 00:42:21.176470528,,99.9811,0.6954127692307692,11.6,7.5,22.5,,,,,,0.0547599999999999,0.0,2011-04,3.6758587713090707,-0.35711503118799337,-5.496987951807242,-4.210995147220309,1.2689761721564885,-3.2835820895522394,1.7362524
DE,2011Q3,2011-08-14 22:14:07.058823424,,100.7473,0.7076853382352941,11.5,7.5,22.2,,,,,,0.13032,0.0,2011-07,9.967536534363507,-1.049506687395263,-6.259426847662142,3.6758587713090707,-0.35711503118799337,-5.496987951807242,1.9523266
DE,2011Q4,2011-11-13 23:17:38.823529472,,100.4737,0.7421305,11.5,7.400000000000001,22.399999999999995,,,,,,0.19866,0.0,2011-10,0.6248089982142435,-0.13537672842780513,-5.239179954441909,9.967536534363507,-1.049506687395263,-6.259426847662142,2.1990584
DE,2012Q1,2012-02-13 00:21:10.588235264,,100.6459,0.7630430615384616,11.4,7.3,22.3,,,,,,0.11974,0.0,2012-01,-0.6534328645237952,1.02405357580575,-3.8580246913580307,0.6248089982142435,-0.13537672842780513,-5.239179954441909,2.2840892
DE,2012Q2,2012-05-14 00:21:10.588235264,,101.5315,0.7807980806451613,11.4,7.2,22.8,,,,,,0.11574,0.0,2012-04,-2.213792966751238,2.8600453758378386,-1.195219123505975,-0.6534328645237952,1.02405357580575,-3.8580246913580307,2.1339258
DE,2012Q3,2012-08-13 06:57:23.478260992,,101.3629,0.8002310769230769,11.5,7.2,23.399999999999995,,,,,,0.09344,0.0,2012-07,-6.223632288915038,3.4547233534493627,0.08045052292842136,-2.213792966751238,2.8600453758378386,-1.195219123505975,1.9149958
DE,2012Q4,2012-11-13 15:39:07.826086912,,101.7974,0.7714528787878787,11.4,7.2,23.600000000000005,,,,,,0.04942,0.0,2012-10,-1.3777022654691162,2.185698273713732,-0.48076923076922906,-6.223632288915038,3.4547233534493627,0.08045052292842136,1.9075884000000003
DE,2013Q1,2013-02-12 08:43:38.181818112,,102.2659,0.7574218709677419,11.5,7.099999999999999,24.100000000000005,,,,,,0.1299,0.0,2013-01,1.9086992828362792,1.465640170400917,-0.6420545746388284,-1.3777022654691162,2.185698273713732,-0.48076923076922906,1.9672934
DE,2013Q2,2013-05-13 22:56:28.235294208,,103.03749999999998,0.7656456190476191,11.5,7.099999999999999,24.2,,,,,,0.09766,0.0,2013-04,-1.7353762787802762,1.6519405845140334,-0.3225806451613078,1.9086992828362792,1.465640170400917,-0.6420545746388284,1.5839282
DE,2013Q3,2013-08-13 16:00:00.000000000,,103.319,0.7556540882352941,11.6,7.0,24.5,,,,,,0.0647,0.0,2013-07,2.545007581853076,1.9587577997974837,-0.080385852090048,-1.7353762787802762,1.6519405845140334,-0.3225806451613078,1.3548818
DE,2013Q4,2013-11-12 18:59:06.268656640,,102.7744,0.7349105454545454,11.6,7.0,24.600000000000005,,,,,,0.0574999999999999,0.0,2013-10,2.615240762275395,2.4424705047939144,0.16103059581322743,2.545007581853076,1.9587577997974837,-0.080385852090048,1.7637667999999995
DE,2014Q1,2014-02-12 19:45:52.941176576,,103.3807,0.7301742063492064,11.6,6.900000000000001,24.8,,,,,,0.04024,0.0,2014-01,2.9097691164528205,2.9808856122207406,0.40387722132471104,2.615240762275395,2.4424705047939144,0.16103059581322743,1.3005338
DE,2014Q2,2014-05-15 02:10:54.545454592,,105.2256,0.729276109375,11.699999999999998,6.8,25.5,,,,,,0.0264,0.0,2014-05,4.516220588002118,3.2132386558757053,-0.08090614886729908,2.9097691164528205,2.9808856122207406,0.40387722132471104,1.2559922
DE,2014Q3,2014-08-13 18:42:21.176470528,,105.34,0.754042838235294,11.6,6.8,25.5,,,,,,0.02938,0.0,2014-07,3.256879756264963,3.150510107979554,-0.48270313757039496,4.516220588002118,3.2132386558757053,-0.08090614886729908,1.2077162
DE,2014Q4,2014-11-12 17:33:08.059701504,,105.6013,0.8000555454545455,11.199999999999998,6.7,24.399999999999995,,,,,,0.04994,0.0,2014-10,-2.9190325101070558,2.2884067609090453,-1.4469453376206087,3.256879756264963,3.150510107979554,-0.48270313757039496,0.855615
DE,2015Q1,2015-02-13 04:56:28.235294208,,107.76349999999998,0.8889960952380952,11.199999999999998,6.7,24.3,,,,,,0.14238,0.0,2015-01,-6.374442725575646,-1.0084432523244757,-4.907481898632337,-2.9190325101070558,2.2884067609090453,-1.4469453376206087,0.6641108
DE,2015Q2,2015-05-15 16:36:55.384615424,,108.74420000000002,0.905937015625,11.1,6.599999999999999,23.899999999999995,,,,,,0.07088,0.0,2015-05,-11.657320798265369,-0.27697422986074915,-3.724696356275292,-6.374442725575646,-1.0084432523244757,-4.907481898632337,-0.0647874
DE,2015Q3,2015-08-13 23:18:15.652173824,,109.1101,0.8997678823529411,11.1,6.599999999999999,23.8,,,,,,0.1069999999999999,0.0,2015-07,-9.418363002116903,-0.6918838495913904,-3.9611964430072755,-11.657320798265369,-0.27697422986074915,-3.724696356275292,0.937213
DE,2015Q4,2015-11-13 18:00:00.000000000,,111.27299999999998,0.9129721940298507,10.9,6.5,23.2,,,,,,0.1076,0.0,2015-10,-4.846636324844389,0.12362110328603126,-3.181076672104388,-9.418363002116903,-0.6918838495913904,-3.9611964430072755,0.7847294
DE,2016Q1,2016-02-12 23:15:41.538461440,,114.1153,0.9076488870967742,10.9,6.5,23.3,,,,,,0.119,0.0,2016-01,-3.511675166338435,2.7726098668371613,-0.33840947546531774,-4.846636324844389,0.12362110328603126,-3.181076672104388,0.6164332
DE,2016Q2,2016-05-15 00:42:21.176470528,,116.2022,0.8853190746268657,10.800000000000002,6.400000000000001,22.600000000000005,,,,,,0.0925,0.0,2016-04,5.462647177524049,2.8829422804656613,-0.5046257359125561,-3.511675166338435,2.7726098668371613,-0.33840947546531774,0.385974
DE,2016Q3,2016-08-14 22:14:07.058823424,,117.7171,0.8956828970588235,10.800000000000002,6.400000000000001,22.7,,,,,,0.04498,0.0,2016-07,2.0664104399191086,2.918898795421354,-0.5050505050504972,5.462647177524049,2.8829422804656613,-0.5046257359125561,0.0420158
DE,2016Q4,2016-11-13 08:14:19.701492480,,119.4624,0.927317078125,10.699999999999998,6.3,22.5,,,,,,0.05492,,2016-10,2.497879444279194,3.0734890061686393,-0.33698399326032025,2.0664104399191086,2.918898795421354,-0.5050505050504972,0.4630254
DE,2017Q1,2017-02-13 00:21:10.588235264,,119.8911,0.9392336923076924,10.800000000000002,6.3,22.899999999999995,,,,,,0.07678,,2017-01,1.0078428461061106,3.3773301298230196,-0.0848896434634927,2.497879444279194,3.0734890061686393,-0.33698399326032025,0.8667496
DE,2017Q2,2017-05-15 20:43:38.181818112,,121.2749,0.9077415967741936,10.800000000000002,6.3,23.399999999999995,,,,,,0.0765,,2017-05,-0.5083274016047468,3.7853208732680166,0.33812341504648735,1.0078428461061106,3.3773301298230196,-0.0848896434634927,1.598758
DE,2017Q3,2017-08-13 23:17:38.823529472,,122.4409,0.8515865692307693,10.800000000000002,6.2,23.3,,,,,,0.0903,,2017-07,4.710769437463469,3.686557030985882,0.08460236886631556,-0.5083274016047468,3.7853208732680166,0.33812341504648735,1.5192438
DE,2017Q4,2017-11-11 17:27:16.363636480,,125.1533,0.8493925238095239,10.699999999999998,6.2,23.3,,,,,,0.04774,,2017-10,6.52385760337697,3.7868763962193297,-0.16906170752326588,4.710769437463469,3.686557030985882,0.08460236886631556,1.5291474
DE,2018Q1,2018-02-12 00:00:00.000000000,,126.2463,0.8136209365079365,10.800000000000002,6.099999999999999,23.7,,,,,,0.0567199999999999,,2018-01,10.919876444282274,4.53402617548524,0.0,6.52385760337697,3.7868763962193297,-0.16906170752326588,1.4036558
DE,2018Q2,2018-05-14 15:24:10.746268672,,127.0859,0.8397209047619048,10.800000000000002,6.099999999999999,23.7,,,,,,0.05888,,2018-04,12.198886004637256,4.474380800409872,-0.08424599831510227,10.919876444282274,4.53402617548524,0.0,1.3425904
DE,2018Q3,2018-08-13 06:57:23.478260992,,128.6006,0.8599860461538462,10.800000000000002,6.0,23.7,,,,,,0.05888,,2018-07,5.280493242278106,5.601221134124601,1.098901098901095,12.198886004637256,4.474380800409872,-0.08424599831510227,1.599668
DE,2018Q4,2018-11-12 09:40:17.910447872,,130.3818,0.8757130151515151,10.699999999999998,6.0,23.600000000000005,,,,,,0.1141799999999999,,2018-10,3.2421036334365994,6.007650323128533,2.1168501270110163,5.280493242278106,5.601221134124601,1.098901098901095,1.8980562
DE,2019Q1,2019-02-12 08:43:38.181818112,,131.1792,0.8804931904761905,10.800000000000002,6.0,23.7,,,,,,0.1301199999999999,,2019-01,1.7297770465447337,5.045805895649891,1.954120645709434,3.2421036334365994,6.007650323128533,2.1168501270110163,2.1069744
DE,2019Q2,2019-05-14 16:00:00.000000000,,132.4337,0.889950578125,10.9,6.0,24.2,,,,,,0.07004,,2019-04,-0.6347930627680132,5.01744328155902,2.023608768971341,1.7297770465447337,5.045805895649891,1.954120645709434,1.3661740000000002
DE,2019Q3,2019-08-13 16:00:00.000000000,,133.4876,0.8988693235294117,10.9,6.099999999999999,24.399999999999995,,,,,,0.08136,,2019-07,3.6895723096312283,4.822717183437186,2.006688963210723,-0.6347930627680132,5.01744328155902,2.023608768971341,1.7798972
DE,2019Q4,2019-11-12 18:59:06.268656640,,137.1975,0.9037218787878788,10.9,6.099999999999999,24.2,,,,,,0.07378,,2019-10,1.4112738084048226,4.474433980784176,1.326699834162537,3.6895723096312283,4.822717183437186,2.006688963210723,1.4984693999999998
DE,2020Q1,2020-02-13 12:31:18.260869632,,138.1141,0.907079546875,11.0,6.0,24.8,,,,,,0.13312,,2020-01,3.7944042742691364,4.90990377155458,1.5833333333333588,1.4112738084048226,4.474433980784176,1.326699834162537,1.1736082
DE,2020Q2,2020-05-15 11:26:46.153846272,,140.0671,0.9083923125,11.199999999999998,6.0,26.399999999999995,,,,,,0.2254799999999999,,2020-05,3.681755976416712,4.5963391846743695,1.81818181818183,3.7944042742691364,4.90990377155458,1.5833333333333588,2.0628916
DE,2020Q3,2020-08-13 23:18:15.652173824,,145.3409,0.8568643676470588,11.300000000000002,6.099999999999999,26.399999999999995,,,,,,0.1416599999999999,,2020-07,3.8447092554864337,4.948036658367716,4.918032786885251,3.681755976416712,4.5963391846743695,1.81818181818183,0.8843843999999998
DE,2020Q4,2020-11-13 18:00:00.000000000,,149.3463,0.8388679104477612,11.199999999999998,6.099999999999999,26.0,,,,,,0.096,,2020-10,8.597021306045448,4.844431354048018,6.301145662847785,3.8447092554864337,4.948036658367716,4.918032786885251,-0.5585238
DE,2021Q1,2021-02-13 13:05:27.272727296,,148.7445,0.8300923492063491,11.300000000000002,6.099999999999999,25.8,,,,,,0.04276,,2021-02,9.553604682460248,5.126350624692622,7.711238720262492,8.597021306045448,4.844431354048018,6.301145662847785,-0.1794395999999999
DE,2021Q2,2021-05-15 21:27:16.363636480,,152.7808,0.8300578307692308,11.1,6.099999999999999,24.399999999999995,,,,,,0.0231,,2021-05,8.094831119334845,5.149818808355389,8.03571428571428,9.553604682460248,5.126350624692622,7.711238720262492,1.3800664
DE,2021Q3,2021-08-14 08:20:52.173913088,,157.7869,0.8481445,11.1,6.099999999999999,24.2,,,,,,0.04142,,2021-07,6.920585990717298,3.9916727670364693,1.953125,8.094831119334845,5.149818808355389,8.03571428571428,2.1110782
DE,2021Q4,2021-11-14 22:14:07.058823424,,160.595,0.8742624264705883,11.1,6.099999999999999,24.399999999999995,,,,,,0.1067399999999999,,2021-11,3.480954913940515,4.365972355471248,0.07698229407235857,6.920585990717298,3.9916727670364693,1.953125,3.811434
DE,2022Q1,2022-02-13 06:48:21.492537344,,158.4231,0.891717171875,11.1,6.099999999999999,24.3,,,,,,0.1776,,2022-01,0.6213330486246171,5.617841216563213,-0.6092916984006158,3.480954913940515,4.365972355471248,0.07698229407235857,4.587495
DE,2022Q2,2022-05-15 21:27:16.363636480,,157.0124,0.9384336461538462,11.1,6.099999999999999,24.100000000000005,,,,,,0.19374,,2022-05,2.3127591872374342,5.278612737725874,-2.9301277235161627,0.6213330486246171,5.617841216563213,-0.6092916984006158,4.536509799999999
DE,2022Q3,2022-08-14 22:14:07.058823424,,153.4093,0.9923938676470588,11.1,6.0,24.2,,,,,,0.34536,,2022-07,-0.5874468571997693,5.710338404971682,-1.6091954022988464,2.3127591872374342,5.278612737725874,-2.9301277235161627,6.4946166000000005
DE,2022Q4,2022-11-13 08:14:19.701492480,,142.6217,0.980986203125,11.1,6.0,24.600000000000005,,,,,,0.21054,,2022-10,-1.050379094383036,6.685249617083966,-0.4615384615384577,-0.5874468571997693,5.710338404971682,-1.6091954022988464,7.110009
DE,2023Q1,2023-02-13 00:21:10.588235264,,136.4207,0.9320697230769232,10.9,5.900000000000001,23.899999999999995,,,,,,0.2202,,2023-01,3.085635694223443,5.259004272487133,-1.839080459770115,-1.050379094383036,6.685249617083966,-0.4615384615384577,8.6768778
DE,2023Q2,2023-05-16 01:49:05.454545408,,133.1571,0.9186344677419356,10.800000000000002,5.8,23.7,,,,,,0.19906,,2023-05,3.796499918265628,4.43810714865589,-2.244582043343646,3.085635694223443,5.259004272487133,-1.839080459770115,8.406074
DE,2023Q3,2023-08-13 23:17:38.823529472,,130.5617,0.9189894153846154,10.800000000000002,5.8,23.8,,,,,,0.09906,,2023-07,5.781684104306994,3.869408475894587,-2.570093457943945,3.796499918265628,4.43810714865589,-2.244582043343646,6.7969172
DE,2023Q4,2023-11-11 17:27:16.363636480,,127.8992,0.9303874285714284,10.800000000000002,5.8,23.899999999999995,,,,,,0.0593999999999999,,2023-10,5.119403321369442,1.900998829205225,-4.559505409582698,5.781684104306994,3.869408475894587,-2.570093457943945,5.8326062
DE,2024Q1,2024-02-13 07:30:00.000000000,,,0.9210218253968254,,,,,,,,,0.0375,,2024-01,2.52513631886766,1.43970960124431,-4.761904761904756,5.119403321369442,1.900998829205225,-4.559505409582698,3.6484224
DE,2024Q2,2024-05-03 21:00:00.000000000,,,0.9278103617021276,,,,,,,,,0.0383,,2024-04,,,,2.52513631886766,1.43970960124431,-4.761904761904756,2.519272
