date,cpi_yoy,fx,month,cpi_yoy_growthRate,cpi_yoy_lag1,cpi_yoy_lag2,bankCreditPnfs_lag2,totalCreditPnfsLCY_lag2,cpi_yoy_lag3,bankCreditPnfs_lag3,totalCreditPnfsLCY_lag3,cpi_yoy_lag4,bankCreditPnfs_lag4,totalCreditPnfsLCY_lag4,fx_std,is_systemic_crisis
1960-04-01,2.249137,2.132087,1960-05,-8.810120417498258,2.0348835000000003,2.1861825,47.644,98.299,1.38894875,44.854,92.629,-0.28797725,42.763,88.288,0.0022669442107139,0.0
1960-07-01,1.29228025,2.132088987012987,1960-08,-0.0695983203123945,2.249137,2.0348835000000003,49.115,101.333,2.1861825,47.644,98.299,1.38894875,44.854,92.629,0.0019643618504721,0.0
1960-10-01,0.914952,2.1327446666666665,1960-11,-0.5814841624612768,1.29228025,2.249137,50.903000000000006,105.022,2.0348835000000003,49.115,101.333,2.1861825,47.644,98.299,0.0009671222883419,0.0
1961-01-01,1.652273,2.1032020555555557,1961-02,-0.188025751842796,0.914952,1.29228025,52.586,108.495,2.249137,50.903000000000006,105.022,2.0348835000000003,49.115,101.333,0.0139378198112891,0.0
1961-04-01,1.7587886,2.030462833333333,1961-05,-0.2180162435636424,1.652273,0.914952,49.10966666666667,110.513,1.29228025,52.586,108.495,2.249137,50.903000000000006,105.022,0.0328431607772081,0.0
1961-07-01,2.6078418,2.039795015384616,1961-08,1.0180156742316535,1.7587886,1.652273,51.085,114.474,0.914952,49.10966666666667,110.513,1.29228025,52.586,108.495,0.0353162640108243,0.0
1961-10-01,2.6596886,2.044868967741936,1961-11,1.906915991221397,2.6078418,1.7587886,52.89166666666667,119.32800000000002,1.652273,51.085,114.474,0.914952,49.10966666666667,110.513,0.0362911205607295,0.0
1962-01-01,3.2492996,2.0436631875,1962-02,0.9665633947900858,2.6596886,2.6078418,54.468,123.631,1.7587886,52.89166666666667,119.32800000000002,1.652273,51.085,114.474,0.0369955594333632,0.0
1962-04-01,3.4612902,2.0434933050847457,1962-05,0.9679967222894212,3.2492996,2.6596886,56.135,128.092,2.6078418,54.468,123.631,1.7587886,52.89166666666667,119.32800000000002,0.0048154830703173,0.0
1962-07-01,2.5414366,2.0422570923076924,1962-08,-0.0254636611776067,3.4612902,3.2492996,57.218,131.195,2.6596886,56.135,128.092,2.6078418,54.468,123.631,0.0029534771855628,0.0
1962-10-01,2.4807238,2.0468429384615385,1962-11,-0.0672878772349515,2.5414366,3.4612902,59.074333333333335,136.196,3.2492996,57.218,131.195,2.6596886,56.135,128.092,0.00271505013285,0.0
1963-01-01,3.1467336,2.045850142857143,1963-02,-0.0315655718543157,2.4807238,2.5414366,60.449333333333335,140.215,3.4612902,59.074333333333335,136.196,3.2492996,57.218,131.195,0.0026740288808286,0.0
1963-04-01,3.0188678,2.0383170833333333,1963-05,-0.1278200828118947,3.1467336,2.4807238,62.31466666666666,145.161,2.5414366,60.449333333333335,140.215,3.4612902,59.074333333333335,136.196,0.0048449878102066,0.0
1963-07-01,2.3173498,2.0360416617647057,1963-08,-0.0881732796324723,3.0188678,3.1467336,63.54599999999999,148.352,2.4807238,62.31466666666666,145.161,2.5414366,60.449333333333335,140.215,0.0048681610057703,0.0
1963-10-01,3.2810490000000003,2.0328760000000003,1963-11,0.3226176166810672,2.3173498,3.0188678,65.65166666666667,153.681,3.1467336,63.54599999999999,148.352,2.4807238,62.31466666666666,145.161,0.0027727994665208,0.0
1964-01-01,2.4208096,2.0320421129032256,1964-02,-0.2306912793634645,3.2810490000000003,2.3173498,66.914,157.224,3.0188678,65.65166666666667,153.681,3.1467336,63.54599999999999,148.352,0.0028175151552042,0.0
1964-04-01,1.989138,2.031920983870968,1964-05,-0.3410980103202929,2.4208096,3.2810490000000003,68.94333333333333,162.635,2.3173498,66.914,157.224,3.0188678,65.65166666666667,153.681,0.0013510743241534,0.0
1964-07-01,2.6857382000000003,2.032423455882353,1964-08,0.1589696989207241,1.989138,2.4208096,69.79866666666668,165.749,3.2810490000000003,68.94333333333333,162.635,2.3173498,66.914,157.224,0.0015750901441891,0.0
1964-10-01,2.18713,2.032801212121212,1964-11,-0.3334052615489742,2.6857382000000003,1.989138,71.98133333333334,171.79100000000005,2.4208096,69.79866666666668,165.749,3.2810490000000003,68.94333333333333,162.635,0.0005968580627311,0.0
1965-01-01,2.0544458,2.0337478888888887,1965-02,-0.1513393701016386,2.18713,2.6857382000000003,73.71033333333334,176.55000000000004,1.989138,71.98133333333334,171.79100000000005,2.4208096,69.79866666666668,165.749,0.0004321187027117,0.0
1965-04-01,2.8737726,2.0381157741935483,1965-05,0.4447326429840461,2.0544458,2.18713,75.79533333333333,182.417,2.6857382000000003,73.71033333333334,176.55000000000004,1.989138,71.98133333333334,171.79100000000005,0.0018636247628466,0.0
1965-07-01,3.846154,2.049962367647059,1965-08,0.4320658655411757,2.8737726,2.0544458,77.26233333333333,186.787,2.18713,75.79533333333333,182.417,2.6857382000000003,73.71033333333334,176.55000000000004,0.0051779959280269,0.0
1965-10-01,4.0270684,2.046419089552239,1965-11,0.8412569897536957,3.846154,2.8737726,79.57766666666667,193.66600000000005,2.0544458,77.26233333333333,186.787,2.18713,75.79533333333333,182.417,0.0063653732535181,0.0
1966-01-01,4.0765644000000005,2.052018875,1966-02,0.9842647588950756,4.0270684,3.846154,81.02466666666668,198.21400000000003,2.8737726,79.57766666666667,193.66600000000005,2.0544458,77.26233333333333,186.787,0.0061931670944184,0.0
1966-04-01,4.2409496,2.051737147540984,1966-05,0.4757429310864749,4.0765644000000005,4.0270684,83.12333333333333,204.038,3.846154,81.02466666666668,198.21400000000003,2.8737726,79.57766666666667,193.66600000000005,0.0066446468349192,0.0
1966-07-01,3.1111114,2.040426823529412,1966-08,-0.1911110683555572,4.2409496,4.0765644000000005,84.58766666666666,208.576,4.0270684,83.12333333333333,204.038,3.846154,81.02466666666668,198.21400000000003,0.0068795010257114,0.0
1966-10-01,2.8412602,2.03353926984127,1966-11,-0.2944594137015404,3.1111114,4.2409496,86.92199999999998,214.817,4.0765644000000005,84.58766666666666,208.576,4.0270684,83.12333333333333,204.038,0.0072481108971244,0.0
1967-01-01,2.5630824,2.032321158730159,1967-02,-0.3712640967968028,2.8412602,3.1111114,88.05033333333331,218.163,4.2409496,86.92199999999998,214.817,4.0765644000000005,84.58766666666666,208.576,0.0050336172544785,0.0
1967-04-01,1.770335,2.033333213114754,1967-05,-0.5825616508151853,2.5630824,2.8412602,89.10333333333334,220.94,3.1111114,88.05033333333331,218.163,4.2409496,86.92199999999998,214.817,0.005439151778086,0.0
1967-07-01,1.8197884,2.0456866769230766,1967-08,-0.4150680686008222,1.770335,2.5630824,89.38833333333334,221.68,2.8412602,89.10333333333334,220.94,3.1111114,88.05033333333331,218.163,0.0079350636103116,0.0
1967-10-01,1.336202,2.0415621129032258,1967-11,-0.5297150187089518,1.8197884,1.770335,90.93733333333334,225.692,2.5630824,89.38833333333334,221.68,2.8412602,89.10333333333334,220.94,0.0070867457288433,0.0
1968-01-01,1.461598,2.044365421875,1968-02,-0.4297498980134232,1.336202,1.8197884,92.242,229.188,1.770335,90.93733333333334,225.692,2.5630824,89.38833333333334,221.68,0.0067643903516021,0.0
1968-04-01,1.3165426,2.0382463,1968-05,-0.2563313723108903,1.461598,1.336202,94.51133333333333,235.212,1.8197884,92.242,229.188,1.770335,90.93733333333334,225.692,0.0081921597932733,0.0
1968-07-01,1.270263,2.0447013382352943,1968-08,-0.301972141376437,1.3165426,1.461598,95.55466666666666,237.952,1.336202,94.51133333333333,235.212,1.8197884,92.242,229.188,0.0057601163711648,0.0
1968-10-01,1.6451810000000002,2.036958476190476,1968-11,0.2312367441449723,1.270263,1.3165426,97.95766666666668,245.057,1.461598,95.55466666666666,237.952,1.336202,94.51133333333333,235.212,0.0067290064428612,0.0
1969-01-01,1.533265,2.052022888888889,1969-02,0.0490333183269271,1.6451810000000002,1.270263,99.94466666666666,250.726,1.3165426,97.95766666666668,245.057,1.461598,95.55466666666666,237.952,0.0106110381516446,0.0
1969-04-01,1.9489556,2.04637165,1969-05,0.48035893407475,1.533265,1.6451810000000002,104.32766666666669,263.28,1.270263,99.94466666666666,250.726,1.3165426,97.95766666666668,245.057,0.0104947185629578,0.0
1969-07-01,2.0901094,2.037984261538462,1969-08,0.6454146897138624,1.9489556,1.533265,106.52133333333336,270.51,1.6451810000000002,104.32766666666669,263.28,1.270263,99.94466666666666,250.726,0.0110022181842267,0.0
1969-10-01,1.989274,1.894889369230769,1969-11,0.2091520629037169,2.0901094,1.9489556,109.328,278.52,1.533265,106.52133333333336,270.51,1.6451810000000002,104.32766666666669,263.28,0.071138930825539,0.0
1970-01-01,2.929191,1.8831407049180329,1970-01,0.9104270951205432,1.989274,2.0901094,112.09133333333334,286.197,1.9489556,109.328,278.52,1.533265,106.52133333333336,270.51,0.0659240338940312,0.0
1970-04-01,3.3682954,1.859571870967742,1970-04,0.7282566108740498,2.929191,1.989274,120.855,303.734,2.0901094,112.09133333333334,286.197,1.9489556,109.328,278.52,0.0630164620386546,0.0
1970-07-01,3.503313400000001,1.8566415441176471,1970-07,0.6761387705351698,3.3682954,2.929191,122.94133333333332,309.742,1.989274,120.855,303.734,2.0901094,112.09133333333334,286.197,0.0640806526712116,0.0
1970-10-01,3.945319,1.8590061212121216,1970-10,0.9832959159974946,3.503313400000001,3.3682954,126.63466666666666,319.895,2.929191,122.94133333333332,309.742,1.989274,120.855,303.734,0.0120425976301104,0.0
1971-01-01,4.2678824,1.8575997049180328,1971-01,0.4570174495278729,3.945319,3.503313400000001,128.71133333333333,326.562,3.3682954,126.63466666666666,319.895,2.929191,122.94133333333332,309.742,0.012396440110667,0.0
1971-04-01,4.9756498,1.8247697727272727,1971-04,0.4772011385937231,4.2678824,3.945319,132.91033333333334,338.828,3.503313400000001,128.71133333333333,326.562,3.3682954,126.63466666666666,319.895,0.0174852564189975,0.0
1971-07-01,5.758242,1.7489459180327869,1971-07,0.6436559743698633,4.9756498,4.2678824,134.64166666666668,344.04400000000004,3.945319,132.91033333333334,338.828,3.503313400000001,128.71133333333333,326.562,0.039656418415334,0.0
1971-10-01,5.760006199999999,1.691384380952381,1971-11,0.4599595622052359,5.758242,4.9756498,140.0873333333333,354.675,4.2678824,134.64166666666668,344.04400000000004,3.945319,132.91033333333334,338.828,0.035877436228731,0.0
1972-01-01,5.4166618,1.63432775,1972-01,0.2691684756824604,5.760006199999999,5.758242,147.26466666666667,367.333,4.9756498,140.0873333333333,354.675,4.2678824,134.64166666666668,344.04400000000004,0.0199736731102951,0.0
1972-04-01,4.9499048000000005,1.623436390625,1972-04,-0.0051741985539255,5.4166618,5.760006199999999,154.634,384.193,5.758242,147.26466666666667,367.333,4.9756498,140.0873333333333,354.675,0.0304159450283555,0.0
1972-07-01,5.3613236,1.6261995238095237,1972-07,-0.0689304826021552,4.9499048000000005,5.4166618,159.86833333333334,392.8039999999999,5.760006199999999,154.634,384.193,5.758242,147.26466666666667,367.333,0.0362685195207896,0.0
1972-10-01,6.1464928,1.6376840166666669,1972-10,0.0670982958316954,5.3613236,4.9499048000000005,166.32166666666666,407.469,5.4166618,159.86833333333334,392.8039999999999,5.760006199999999,154.634,384.193,0.0362394234881421,0.0
1973-01-01,6.3910496000000006,1.536408241935484,1973-01,0.1798871400832151,6.1464928,5.3613236,169.87633333333335,417.838,4.9499048000000005,166.32166666666666,407.469,5.4166618,159.86833333333334,392.8039999999999,0.0635529428546467,0.0
1973-04-01,7.1537848,1.39921015625,1973-04,0.4452368457672153,6.3910496000000006,6.1464928,178.72733333333335,439.152,5.3613236,169.87633333333335,417.838,4.9499048000000005,166.32166666666666,407.469,0.0951038189770598,0.0
1973-07-01,7.1022486,1.225025365079365,1973-07,0.3247192540289862,7.1537848,6.3910496000000006,190.97866666666664,453.506,6.1464928,178.72733333333335,439.152,5.3613236,169.87633333333335,417.838,0.1114378932967808,0.0
1973-10-01,7.0324878,1.3009148253968257,1973-10,0.1441464309532747,7.1022486,7.1537848,208.101,468.566,6.3910496000000006,190.97866666666664,453.506,6.1464928,178.72733333333335,439.152,0.1621475213483499,0.0
1974-01-01,7.452887800000001,1.389510393442623,1974-01,0.1661445719338494,7.0324878,7.1022486,212.267,480.549,7.1537848,208.101,468.566,6.3910496000000006,190.97866666666664,453.506,0.20064624913143,0.0
1974-04-01,7.1624994,1.2809510303030305,1974-04,0.0012181803400068,7.452887800000001,7.0324878,208.21333333333337,495.78,7.1022486,212.267,480.549,7.1537848,208.101,468.566,0.1958246998357014,0.0
1974-07-01,6.924493200000001,1.3339944558823529,1974-07,-0.0250280453432732,7.1624994,7.452887800000001,215.45433333333332,502.743,7.0324878,208.21333333333337,495.78,7.1022486,212.267,480.549,0.1371936549380725,1.0
1974-10-01,6.72242,1.2941301904761906,1974-10,-0.0440907696988824,6.924493200000001,7.1624994,217.82033333333337,515.318,7.452887800000001,215.45433333333332,502.743,7.0324878,208.21333333333337,495.78,0.1334121179242902,1.0
1975-01-01,5.9452852,1.1952873,1975-01,-0.2022843547973446,6.72242,6.924493200000001,217.92966666666663,525.091,7.1624994,217.82033333333337,515.318,7.452887800000001,215.45433333333332,502.743,0.1121575713105579,0.0
1975-04-01,6.1950778,1.204312129032258,1975-04,-0.1350675994471984,5.9452852,6.72242,230.378,537.182,6.924493200000001,217.92966666666663,525.091,7.1624994,217.82033333333337,515.318,0.1011762508412779,0.0
1975-07-01,6.1316474,1.3016605820895522,1975-07,-0.1144987477206274,6.1950778,5.9452852,232.3646666666667,538.88,6.72242,230.378,537.182,6.924493200000001,217.92966666666663,525.091,0.1328543637967719,0.0
1975-10-01,5.5125972,1.328215515625,1975-10,-0.1799683447329978,6.1316474,6.1950778,234.06366666666668,546.848,5.9452852,232.3646666666667,538.88,6.72242,230.378,537.182,0.1295028690073504,0.0
1976-01-01,5.210437000000001,1.316204921875,1976-01,-0.1236018416744749,5.5125972,6.1316474,224.01266666666663,552.874,6.1950778,234.06366666666668,546.848,5.9452852,232.3646666666667,538.88,0.0783315989083397,0.0
1976-04-01,4.4923924,1.3076834838709677,1976-04,-0.274844877654321,5.210437000000001,5.5125972,232.30533333333327,572.431,6.1316474,224.01266666666663,552.874,6.1950778,234.06366666666668,546.848,0.0835626237859784,0.0
1976-07-01,3.700202200000001,1.2951006029411765,1976-07,-0.3965402837743081,4.4923924,5.210437000000001,236.15600000000003,575.281,5.5125972,232.30533333333327,572.431,6.1316474,224.01266666666663,552.874,0.0289102905968208,0.0
1976-10-01,3.7085056,1.2320910606060609,1976-11,-0.3272670820207941,3.700202200000001,4.4923924,241.129,590.634,5.210437000000001,236.15600000000003,575.281,5.5125972,232.30533333333327,572.431,0.0403653443142408,0.0
1977-01-01,3.8735808,1.224531328125,1977-01,-0.256572759636092,3.7085056,3.700202200000001,251.45899999999995,602.244,4.4923924,241.129,590.634,5.210437000000001,236.15600000000003,575.281,0.0413608458487665,0.0
1977-04-01,3.7325276,1.207764112903226,1977-04,-0.1691447968792753,3.8735808,3.7085056,263.2516666666667,622.176,3.700202200000001,251.45899999999995,602.244,4.4923924,241.129,590.634,0.0393234217431504,0.0
1977-07-01,3.943971,1.1811591846153846,1977-07,0.0658798592141798,3.7325276,3.8735808,263.17466666666667,625.807,3.7085056,263.2516666666667,622.176,3.700202200000001,251.45899999999995,602.244,0.0370487125448027,0.0
1977-10-01,3.5138774,1.136848016393443,1977-10,-0.0524815710134023,3.943971,3.7325276,272.5886666666667,642.307,3.8735808,263.17466666666667,625.807,3.7085056,263.2516666666667,622.176,0.0269020455462498,0.0
1978-01-01,3.0257684,1.0615896825396824,1978-01,-0.2188704570200265,3.5138774,3.943971,278.8186666666667,653.627,3.7325276,272.5886666666667,642.307,3.8735808,263.17466666666667,625.807,0.0462153649533262,0.0
1978-04-01,2.9335534,1.0617254,1978-04,-0.2140571445473035,3.0257684,3.5138774,300.251,675.883,3.943971,278.8186666666667,653.627,3.7325276,272.5886666666667,642.307,0.0557399450749929,0.0
1978-07-01,2.5896818,1.0266403870967742,1978-07,-0.343382139473135,2.9335534,3.0257684,306.5156666666667,676.107,3.5138774,300.251,675.883,3.943971,278.8186666666667,653.627,0.0543404046645197,0.0
1978-10-01,2.4631016,0.9591169016393442,1978-10,-0.2990359879943449,2.5896818,2.9335534,311.82766666666663,693.721,3.0257684,306.5156666666667,676.107,3.5138774,300.251,675.883,0.0632792054474568,0.0
1979-01-01,2.877255,0.948458796875,1979-01,-0.0490828709824585,2.4631016,2.5896818,329.8306666666667,709.035,2.9335534,311.82766666666663,693.721,3.0257684,306.5156666666667,676.107,0.0580492236968811,0.0
1979-04-01,3.2018314000000005,0.9691867166666668,1979-04,0.091451548146354,2.877255,2.4631016,353.4386666666667,735.118,2.5896818,329.8306666666667,709.035,2.9335534,311.82766666666663,693.721,0.073753330077727,0.0
1979-07-01,4.491156999999999,0.929081046153846,1979-07,0.7342505168009441,3.2018314000000005,2.877255,354.29,743.747,2.4631016,353.4386666666667,735.118,2.5896818,329.8306666666667,709.035,0.0758559963876858,0.0
1979-10-01,5.247448,0.9036786,1979-10,1.130422878211764,4.491156999999999,3.2018314000000005,369.2919999999999,768.6709999999999,2.877255,354.29,743.747,2.4631016,353.4386666666667,735.118,0.0544131123365034,0.0
1980-01-01,5.275665,0.906431609375,1980-01,0.8335757518885187,5.247448,4.491156999999999,388.6580000000001,783.6169999999998,3.2018314000000005,369.2919999999999,768.6709999999999,2.877255,354.29,743.747,0.0573496237354027,0.0
1980-04-01,5.892431,0.928095241935484,1980-04,0.8403314428111359,5.275665,5.247448,404.8016666666667,810.935,4.491156999999999,388.6580000000001,783.6169999999998,3.2018314000000005,369.2919999999999,768.6709999999999,0.0589248472044217,0.0
1980-07-01,5.253187800000001,0.9072705294117648,1980-07,0.1696736052647462,5.892431,5.275665,385.346,819.224,5.247448,404.8016666666667,810.935,4.491156999999999,388.6580000000001,783.6169999999998,0.0476259418926093,0.0
1980-10-01,5.040994,0.9733528,1980-10,-0.0393436962119492,5.253187800000001,5.892431,415.5926666666667,843.0480000000001,5.275665,385.346,819.224,5.247448,404.8016666666667,810.935,0.0807757633901864,0.0
1981-01-01,5.807466,1.0664078412698412,1981-01,0.1008026476283083,5.040994,5.253187800000001,415.517,856.748,5.892431,415.5926666666667,843.0480000000001,5.275665,385.346,819.224,0.1052178600553595,0.0
1981-04-01,5.8063744,1.1615660161290322,1981-04,-0.0146046003763132,5.807466,5.040994,416.88000000000005,893.322,5.253187800000001,415.517,856.748,5.892431,415.5926666666667,843.0480000000001,0.1100134200738622,0.0
1981-07-01,6.565127,1.2429855735294115,1981-07,0.2497415378905734,5.8063744,5.807466,409.238,908.309,5.040994,416.88000000000005,893.322,5.253187800000001,415.517,856.748,0.0248471270515233,0.0
1981-10-01,7.2676434,1.1486414393939393,1981-10,0.441708401160565,6.565127,5.8063744,393.6636666666666,929.494,5.807466,409.238,908.309,5.040994,416.88000000000005,893.322,0.1623319351145454,0.0
1982-01-01,6.1906186,1.200067253968254,1982-02,0.0659758662383902,7.2676434,6.565127,404.026,945.555,5.8063744,393.6636666666666,929.494,5.807466,409.238,908.309,0.1484700565009356,0.0
1982-04-01,5.2070506000000005,1.217536888888889,1982-04,-0.1032182492400075,6.1906186,7.2676434,418.608,969.2419999999998,6.565127,404.026,945.555,5.8063744,393.6636666666666,929.494,0.1274073210891212,0.0
1982-07-01,5.2097482,1.2683813088235294,1982-07,-0.2064512689548884,5.2070506000000005,6.1906186,405.7756666666667,971.007,7.2676434,418.608,969.2419999999998,6.565127,404.026,945.555,0.1129168253443222,0.0
1982-10-01,4.7222914000000005,1.2788508208955225,1982-11,-0.3502307226576361,5.2097482,5.2070506000000005,408.9743333333333,989.106,6.1906186,405.7756666666667,971.007,7.2676434,418.608,969.2419999999998,0.0372280153705939,0.0
1983-01-01,4.0955998,1.2311761587301588,1983-01,-0.3384183286626638,4.7222914000000005,5.2097482,410.0196666666666,1005.091,5.2070506000000005,408.9743333333333,989.106,6.1906186,405.7756666666667,971.007,0.0655995709800892,0.0
1983-04-01,3.5292296,1.2721209508196722,1983-04,-0.3222209901321106,4.0955998,4.7222914000000005,430.2763333333333,1029.312,5.2097482,410.0196666666666,1005.091,5.2070506000000005,408.9743333333333,989.106,0.0709833623128176,0.0
1983-07-01,3.0230772000000004,1.3502835,1983-07,-0.4197268113648946,3.5292296,4.0955998,424.55633333333327,1023.793,4.7222914000000005,430.2763333333333,1029.312,5.2097482,410.0196666666666,1005.091,0.0837521020905247,0.0
1983-10-01,2.7148348,1.36908240625,1983-10,-0.4251022289729939,3.0230772000000004,3.5292296,425.942,1044.75,4.0955998,424.55633333333327,1023.793,4.7222914000000005,430.2763333333333,1029.312,0.083205408229242,0.0
1984-01-01,2.7400464,1.3816743384615384,1984-01,-0.3309779925274924,2.7148348,3.0230772000000004,427.933,1062.101,3.5292296,425.942,1044.75,4.0955998,424.55633333333327,1023.793,0.0474595418281864,0.0
1984-04-01,2.8692684,1.3867683333333334,1984-04,-0.1869986582907498,2.7400464,2.7148348,434.17333333333335,1090.841,3.0230772000000004,427.933,1062.101,3.5292296,425.942,1044.75,0.0531694442482614,0.0
1984-07-01,2.0571192,1.4904881692307692,1984-07,-0.3195280623333074,2.8692684,2.7400464,444.1303333333333,1092.598,2.7148348,434.17333333333335,1090.841,3.0230772000000004,427.933,1062.101,0.0663861867090587,0.0
1984-10-01,2.1146322,1.559579446153846,1984-10,-0.2210825498479687,2.0571192,2.8692684,439.6396666666666,1110.85,2.7400464,444.1303333333333,1092.598,2.7148348,434.17333333333335,1090.841,0.0668307118596079,0.0
1985-01-01,2.2564326,1.6642908412698414,1985-01,-0.1764983979833334,2.1146322,2.0571192,433.101,1128.384,2.8692684,439.6396666666666,1110.85,2.7400464,444.1303333333333,1092.598,0.0637763836204757,0.0
1985-04-01,2.3812672,1.5787918064516129,1985-04,-0.1700786165560531,2.2564326,2.1146322,436.45166666666665,1152.266,2.0571192,433.101,1128.384,2.8692684,439.6396666666666,1110.85,0.1166376681900906,0.0
1985-07-01,2.1054568,1.459867588235294,1985-07,0.0234977146681631,2.3812672,2.2564326,443.4213333333333,1158.413,2.1146322,436.45166666666665,1152.266,2.0571192,433.101,1128.384,0.1410732275844503,0.0
1985-10-01,1.5755136,1.3237779393939393,1985-10,-0.2549467467675939,2.1054568,2.3812672,450.82633333333337,1173.213,2.2564326,443.4213333333333,1158.413,2.1146322,436.45166666666665,1152.266,0.1445720464060956,0.0
1986-01-01,0.9823708,1.2025284262295082,1986-01,-0.5646354338259427,1.5755136,2.1054568,477.3456666666666,1177.995,2.3812672,450.82633333333337,1173.213,2.2564326,443.4213333333333,1158.413,0.0388596697808479,0.0
1986-04-01,0.0,1.1498068888888888,1986-04,-1.0,0.9823708,1.5755136,507.512,1206.391,2.1054568,477.3456666666666,1177.995,2.3812672,450.82633333333337,1173.213,0.0458153023581192,0.0
1986-07-01,-0.3325948,1.0684201764705883,1986-07,-1.1579680001033503,0.0,0.9823708,521.9083333333333,1206.928,1.5755136,507.512,1206.391,2.1054568,477.3456666666666,1177.995,0.0461280104329577,0.0
1986-10-01,-0.8640824,1.0264050923076922,1986-10,-1.5484449007612502,-0.3325948,0.0,543.3013333333333,1223.58,0.9823708,521.9083333333333,1206.928,1.5755136,507.512,1206.391,0.0489256823172261,0.0
1987-01-01,-0.617737,0.940542,1987-01,-1.6288226400866148,-0.8640824,-0.3325948,567.3076666666667,1229.752,0.0,543.3013333333333,1223.58,0.9823708,521.9083333333333,1206.928,0.0426287411844575,0.0
1987-04-01,0.0221484,0.9235763225806451,1987-04,inf,-0.617737,-0.8640824,588.7139999999999,1245.603,-0.3325948,567.3076666666667,1229.752,0.0,543.3013333333333,1223.58,0.0596126394338486,0.0
1987-07-01,0.4895324,0.9400709264705882,1987-07,-2.4718582491367878,0.0221484,-0.617737,607.9333333333334,1241.99,-0.8640824,588.7139999999999,1245.603,-0.3325948,567.3076666666667,1229.752,0.0848280020266423,0.0
1987-10-01,0.9387725999999998,0.8742534477611941,1987-10,-2.0864387470454204,0.4895324,0.0221484,608.8870000000001,1252.565,-0.617737,607.9333333333334,1241.99,-0.8640824,588.7139999999999,1245.603,0.0940004409886267,0.0
1988-01-01,0.9328894,0.857124046875,1988-02,-2.510172452030557,0.9387725999999998,0.4895324,616.5393333333333,1271.402,0.0221484,608.8870000000001,1252.565,-0.617737,607.9333333333334,1241.99,0.0722472531699751,0.0
1988-04-01,1.085002,0.8738862786885245,1988-04,47.98782756316484,0.9328894,0.9387725999999998,674.788,1287.213,0.4895324,616.5393333333333,1271.402,0.0221484,608.8870000000001,1252.565,0.0841126530502154,0.0
1988-07-01,1.2619692,0.953524294117647,1988-07,1.5779074071501702,1.085002,0.9328894,660.1303333333334,1289.946,0.9387725999999998,674.788,1287.213,0.4895324,616.5393333333333,1271.402,0.1359506943020173,0.0
1988-10-01,1.5942682,0.9069493125,1988-10,0.6982474776106591,1.2619692,1.085002,639.0526666666666,1307.696,0.9328894,660.1303333333334,1289.946,0.9387725999999998,674.788,1287.213,0.1211653322704235,0.0
1989-01-01,2.376676,0.94582475,1989-01,1.5476503431167723,1.5942682,1.2619692,635.7893333333333,1321.052,1.085002,639.0526666666666,1307.696,0.9328894,660.1303333333334,1289.946,0.1164451609449356,0.0
1989-04-01,2.9135494,0.9897093225806451,1989-04,1.6852940363243567,2.376676,1.5942682,668.872,1348.117,1.2619692,635.7893333333333,1321.052,1.085002,639.0526666666666,1307.696,0.1174993641629301,0.0
1989-07-01,2.7765778,0.9837069230769232,1989-07,1.2001945847806748,2.9135494,2.376676,652.4986666666667,1357.619,1.5942682,668.872,1348.117,1.2619692,635.7893333333333,1321.052,0.0903158749839981,0.0
1989-10-01,3.0296914,0.9281009682539682,1989-10,0.9003649448693765,2.7765778,2.9135494,654.6836666666667,1381.189,2.376676,652.4986666666667,1357.619,1.5942682,668.872,1348.117,0.0969148304601744,0.0
1990-01-01,2.7084852,0.864743890625,1990-01,0.1396106158348888,3.0296914,2.7765778,679.6463333333334,1401.3010000000002,2.9135494,654.6836666666667,1381.189,2.376676,652.4986666666667,1357.619,0.1049552105090954,0.0
1990-04-01,2.277526,0.857732344262295,1990-04,-0.2182984781380401,2.7084852,3.0296914,733.9746666666666,1437.595,2.7765778,679.6463333333334,1401.3010000000002,2.9135494,654.6836666666667,1381.189,0.064602719206899,0.0
1990-07-01,2.6163884,0.815082328125,1990-07,-0.0576931069606622,2.277526,2.7084852,745.727,1464.21,3.0296914,733.9746666666666,1437.595,2.7765778,679.6463333333334,1401.3010000000002,0.0523544583107605,0.0
1990-10-01,3.17381,0.7689363636363636,1990-10,0.0475687391791785,2.6163884,2.277526,755.3346666666666,1474.7030000000002,2.7084852,745.727,1464.21,3.0296914,733.9746666666666,1437.595,0.0523789294165323,0.0
1991-01-01,2.5253802,0.7827085161290323,1991-01,-0.0676042091719756,3.17381,2.6163884,797.2280000000001,1505.682,2.277526,755.3346666666666,1474.7030000000002,2.7084852,745.727,1464.21,0.0705639725619921,0.0
1991-04-01,2.7900356,0.8868668387096774,1991-04,0.225029088581206,2.5253802,3.17381,838.8763333333333,1548.66,2.6163884,797.2280000000001,1505.682,2.277526,755.3346666666666,1474.7030000000002,0.1759128251199659,0.0
1991-07-01,4.195198,0.8933270735294118,1991-07,0.6034308973392482,2.7900356,2.5253802,790.473,1567.432,3.17381,838.8763333333333,1548.66,2.6163884,797.2280000000001,1505.682,0.157921836564253,0.0
1991-10-01,4.8850880000000005,0.8339619242424243,1991-10,0.539187285943393,4.195198,2.7900356,789.6126666666665,1608.104,2.5253802,790.473,1567.432,3.17381,838.8763333333333,1548.66,0.1648887491912269,0.0
1992-01-01,5.740322000000001,0.827741125,1992-01,1.2730525882795791,4.8850880000000005,4.195198,843.5583333333334,1659.205,2.7900356,789.6126666666665,1608.104,2.5253802,790.473,1567.432,0.1678485076074128,0.0
1992-04-01,6.0539388,0.8256630806451613,1992-04,1.1698428507507217,5.740322000000001,4.8850880000000005,920.7933333333334,1707.177,4.195198,843.5583333333334,1659.205,2.7900356,789.6126666666665,1608.104,0.0666940423286745,0.0
1992-07-01,4.983923,0.7490997205882353,1992-07,0.1880066209032327,6.0539388,5.740322000000001,899.524,1740.548,4.8850880000000005,920.7933333333334,1707.177,4.195198,843.5583333333334,1659.205,0.0888716672831472,0.0
1992-10-01,3.3805908,0.790457223880597,1992-10,-0.3079775021453044,4.983923,6.0539388,963.1176666666668,1782.263,5.740322000000001,899.524,1740.548,4.8850880000000005,920.7933333333334,1707.177,0.12190156646879,0.0
1993-01-01,4.5863632,0.8362752698412698,1993-02,-0.2010268413514085,3.3805908,4.983923,1023.415,1817.721,6.0539388,963.1176666666668,1782.263,5.740322000000001,899.524,1740.548,0.1411032322176467,0.0
1993-04-01,4.566690599999999,0.8278140634920634,1993-04,-0.2456662099061854,4.5863632,3.3805908,967.0133333333332,1835.449,4.983923,1023.415,1817.721,6.0539388,963.1176666666668,1782.263,0.1418092720912876,0.0
1993-07-01,4.563553000000001,0.8578018235294117,1993-07,-0.0843452035675509,4.566690599999999,4.5863632,980.007,1876.121,3.3805908,967.0133333333332,1835.449,4.983923,1023.415,1817.721,0.06295770124529,0.0
1993-10-01,4.3401546,0.8604961617647059,1993-11,0.2838450012938567,4.563553000000001,4.566690599999999,973.8066666666668,1918.879,4.5863632,980.007,1876.121,3.3805908,967.0133333333332,1835.449,0.0619980776630086,0.0
1994-01-01,3.0130712,0.88062596875,1994-01,-0.3430369404673403,4.3401546,4.563553000000001,1014.2746666666668,1962.68,4.566690599999999,973.8066666666668,1918.879,4.5863632,980.007,1876.121,0.0412950049058601,0.0
1994-04-01,2.7737832,0.8489579016393443,1994-04,-0.3926054022578187,3.0130712,4.3401546,1014.5376666666668,2023.166,4.563553000000001,1014.2746666666668,1962.68,4.566690599999999,973.8066666666668,1918.879,0.0630663139441699,0.0
1994-07-01,2.4311838000000003,0.7991709411764706,1994-07,-0.4672607505599255,2.7737832,3.0130712,1048.1033333333332,2007.523,4.3401546,1014.5376666666668,2023.166,4.563553000000001,1014.2746666666668,1962.68,0.0742165832455056,0.0
1994-10-01,2.343299,0.78939865625,1994-10,-0.4600885876277311,2.4311838000000003,2.7737832,1094.955333333333,2039.852,3.0130712,1048.1033333333332,2007.523,4.3401546,1014.5376666666668,2023.166,0.0701292916187354,0.0
1995-01-01,2.1729076,0.7560338000000001,1995-01,-0.2788396105608125,2.343299,2.4311838000000003,1136.1483333333333,2080.524,2.7737832,1094.955333333333,2039.852,3.0130712,1048.1033333333332,2007.523,0.0384821615275019,0.0
1995-04-01,1.808862,0.7144485666666667,1995-04,-0.3478718884734755,2.1729076,2.343299,1157.2993333333334,2129.539,2.4311838000000003,1136.1483333333333,2080.524,2.7737832,1094.955333333333,2039.852,0.0421521244385526,0.0
1995-07-01,1.8016774,0.7324655538461539,1995-07,-0.2589299912248511,1.808862,2.1729076,1224.9976666666666,2080.524,2.343299,1157.2993333333334,2129.539,2.4311838000000003,1136.1483333333333,2080.524,0.0713824231235173,0.0
1995-10-01,1.6600916,0.7277876507936508,1995-10,-0.291557927520133,1.8016774,1.808862,1243.023,2126.41,2.1729076,1224.9976666666666,2080.524,2.343299,1157.2993333333334,2129.539,0.0725762403751765,0.0
1996-01-01,1.4172446,0.7506401875,1996-01,-0.3477658230842396,1.6600916,1.8016774,1241.4713333333332,2153.525,1.808862,1243.023,2126.41,2.1729076,1224.9976666666666,2080.524,0.0790147063871506,0.0
1996-04-01,1.325414,0.7776504838709677,1996-04,-0.2672663807410405,1.4172446,1.6600916,1266.8023333333333,2184.811,1.8016774,1241.4713333333332,2153.525,1.808862,1243.023,2126.41,0.0382838147775937,0.0
1996-07-01,1.264045,0.766153104477612,1996-07,-0.2984065848858402,1.325414,1.4172446,1262.716,2207.754,1.6600916,1266.8023333333333,2184.811,1.8016774,1241.4713333333332,2153.525,0.0517201871856427,0.0
1996-10-01,1.5202566000000002,0.7822804545454546,1996-10,-0.0842333037526361,1.264045,1.325414,1257.7036666666663,2242.168,1.4172446,1262.716,2207.754,1.6600916,1266.8023333333333,2184.811,0.04599147565365,0.0
1997-01-01,1.9290276,0.8466956393442623,1997-01,0.361111271829859,1.5202566000000002,1.264045,1272.779,2269.283,1.325414,1257.7036666666663,2242.168,1.4172446,1262.716,2207.754,0.0804659827642354,0.0
1997-04-01,1.5585724,0.875613375,1997-04,0.175913639059192,1.9290276,1.5202566000000002,1302.7713333333334,2310.998,1.264045,1272.779,2269.283,1.325414,1257.7036666666663,2242.168,0.0803401068445684,0.0
1997-07-01,2.3300968,0.922464791044776,1997-07,0.8433653865170936,1.5585724,1.9290276,1262.85,2331.855,1.5202566000000002,1302.7713333333334,2310.998,1.264045,1272.779,2269.283,0.0532612282508502,0.0
1997-10-01,2.1076486,0.8979846818181818,1997-10,0.3863768787453381,2.3300968,1.5585724,1259.2653333333335,2362.098,1.9290276,1262.85,2331.855,1.5202566000000002,1302.7713333333334,2310.998,0.0921481074655891,0.0
1998-01-01,1.2064942,0.9302272698412698,1998-01,-0.3745583526124768,2.1076486,2.3300968,1264.8786666666667,2385.041,1.5585724,1259.2653333333335,2362.098,1.9290276,1262.85,2331.855,0.0699456433424149,0.0
1998-04-01,1.342881,0.9181812096774196,1998-04,-0.1383903628731011,1.2064942,2.1076486,1283.4476666666667,2419.456,2.3300968,1264.8786666666667,2385.041,1.5585724,1259.2653333333335,2362.098,0.0766029781311608,0.0
1998-07-01,0.6776169999999999,0.9021342352941176,1998-07,-0.7091893349666847,1.342881,1.2064942,1284.5106666666668,2441.356,2.1076486,1283.4476666666667,2419.456,2.3300968,1264.8786666666667,2385.041,0.0560442944312837,0.0
1998-10-01,0.3802877999999999,0.8501496865671642,1998-10,-0.8195677400872233,0.6776169999999999,1.342881,1317.8003333333334,2469.514,1.2064942,1284.5106666666668,2441.356,2.1076486,1283.4476666666667,2419.456,0.0766210227254621,0.0
1999-01-01,0.1625648,0.8922776507936508,1999-02,-0.8652585317028462,0.3802877999999999,0.6776169999999999,1387.323,2508.1,1.342881,1317.8003333333334,2469.514,1.2064942,1284.5106666666668,2441.356,0.0885340659745839,0.0
1999-04-01,0.6220244,0.9458359402985076,1999-04,-0.5367985696424329,0.1625648,0.3802877999999999,1428.667333333333,2567.544,0.6776169999999999,1387.323,2508.1,1.342881,1317.8003333333334,2469.514,0.1118765142129578,0.0
1999-07-01,0.6464676,0.9545557941176472,1999-07,-0.0459690356056591,0.6220244,0.1625648,1388.4886666666664,2532.086,0.3802877999999999,1428.667333333333,2567.544,0.6776169999999999,1387.323,2508.1,0.1066361162422605,0.0
1999-10-01,0.9468968,0.963068671641791,1999-11,1.489947876318936,0.6464676,0.6220244,1379.4129999999998,2586.483,0.1625648,1388.4886666666664,2532.086,0.3802877999999999,1428.667333333333,2567.544,0.0534814908114626,0.0
2000-01-01,1.568884,1.0142900153846153,2000-01,8.650822318238633,0.9468968,0.6464676,1419.301333333333,2626.298,0.6220244,1379.4129999999998,2586.483,0.1625648,1388.4886666666664,2532.086,0.0551739226909842,0.0
2000-04-01,0.9942988,1.0723047903225806,2000-04,0.5984884194253473,1.568884,0.9468968,1410.8846666666668,2707.741,0.6464676,1419.301333333333,2626.298,0.6220244,1379.4129999999998,2586.483,0.0533592413316397,0.0
2000-07-01,1.3377583999999998,1.1058496615384616,2000-07,1.0693355707231107,0.9942988,1.568884,1413.5353333333333,2761.152,0.9468968,1410.8846666666668,2707.741,0.6464676,1419.301333333333,2626.298,0.0445647577595263,0.0
2000-10-01,1.6614882000000002,1.152572126984127,2000-10,0.7546666120320611,1.3377583999999998,0.9942988,1414.8966666666668,2825.519,1.568884,1413.5353333333333,2761.152,0.9468968,1410.8846666666668,2707.741,0.0233142096103728,0.0
2001-01-01,1.6777632,1.08361665625,2001-01,0.0693991397706905,1.6614882000000002,1.3377583999999998,1376.2546666666665,2837.643,0.9942988,1414.8966666666668,2825.519,1.568884,1413.5353333333333,2761.152,0.1055636638432419,1.0
2001-04-01,2.5013156,1.1466277903225808,2001-04,1.515657868640694,1.6777632,1.6614882000000002,1428.7303333333332,2964.8609999999994,1.3377583999999998,1376.2546666666665,2837.643,0.9942988,1414.8966666666668,2825.519,0.1060412392144889,1.0
2001-07-01,2.0591644,1.1241910923076923,2001-07,0.5392647880215142,2.5013156,1.6777632,1418.2279999999998,3003.387,1.6614882000000002,1428.7303333333332,2964.8609999999994,1.3377583999999998,1376.2546666666665,2837.643,0.1096558500968248,1.0
2001-10-01,1.7401952,1.115782615384615,2001-10,0.0473713866881508,2.0591644,2.5013156,1384.2923333333335,3032.055,1.6777632,1418.2279999999998,3003.387,1.6614882000000002,1428.7303333333332,2964.8609999999994,0.0979330670493569,1.0
2002-01-01,1.9643922,1.1409279516129032,2002-01,0.1708399612054907,1.7401952,2.0591644,1430.3873333333331,3066.91,2.5013156,1384.2923333333335,3032.055,1.6777632,1418.2279999999998,3003.387,0.0693661674209433,1.0
2002-04-01,1.4282072,1.0895684603174605,2002-04,-0.4290175937814484,1.9643922,1.7401952,1421.4193333333333,3085.197,2.0591644,1430.3873333333331,3066.91,2.5013156,1384.2923333333335,3032.055,0.0560937837364917,1.0
2002-07-01,1.2158094,1.0164095147058825,2002-07,-0.4095617620428946,1.4282072,1.9643922,1404.5043333333333,3085.859,1.7401952,1421.4193333333333,3085.197,2.0591644,1430.3873333333331,3066.91,0.0795098126225492,1.0
2002-10-01,1.2182006,1.001369606060606,2002-10,-0.2999632455025735,1.2158094,1.4282072,1495.4016666666666,3133.214,1.9643922,1404.5043333333333,3085.859,1.7401952,1421.4193333333333,3085.197,0.0777663276969462,1.0
2003-01-01,1.0787744,0.9320491746031746,2003-01,-0.4508355307051209,1.2182006,1.2158094,1495.2563333333335,3157.146,1.4282072,1495.4016666666666,3133.214,1.9643922,1404.5043333333333,3085.859,0.0506493648337864,1.0
2003-04-01,0.8191022,0.8815845,2003-04,-0.4264822359108677,1.0787744,1.2182006,1550.5463333333337,3172.578,1.2158094,1495.2563333333335,3157.146,1.4282072,1495.4016666666666,3133.214,0.0505032566421616,1.0
2003-07-01,0.9456054,0.8887096323529411,2003-07,-0.2222420718247448,0.8191022,1.0787744,1572.486,3186.037,1.2182006,1550.5463333333337,3172.578,1.2158094,1495.2563333333335,3157.146,0.0709697576096122,1.0
2003-10-01,1.1777902,0.8420871515151515,2003-10,-0.0331722049718249,0.9456054,0.8191022,1614.607,3209.618,1.0787744,1572.486,3186.037,1.2182006,1550.5463333333337,3172.578,0.0683749035127626,1.0
2004-01-01,1.0676452,0.80040390625,2004-01,-0.0103165221569957,1.1777902,0.9456054,1630.8866666666663,3210.784,0.8191022,1614.607,3209.618,1.0787744,1572.486,3186.037,0.0602395177207698,0.0
2004-04-01,1.7772972,0.8296841692307693,2004-04,1.169811288505879,1.0676452,1.1777902,1699.5690000000002,3197.016,0.9456054,1630.8866666666663,3210.784,0.8191022,1614.607,3209.618,0.0878271781051325,0.0
2004-07-01,1.7721519999999995,0.8185150294117647,2004-07,0.8740925125850587,1.7772972,1.0676452,1657.1946666666663,3147.016,1.1777902,1699.5690000000002,3197.016,0.9456054,1630.8866666666663,3210.784,0.0830090010577967,0.0
2004-10-01,1.8974024,0.7723762205882353,2004-11,0.6109850464030011,1.7721519999999995,1.7772972,1654.4103333333333,3143.793,1.0676452,1657.1946666666663,3147.016,1.1777902,1699.5690000000002,3197.016,0.0851297659019455,0.0
2005-01-01,1.5838722,0.7627258064516129,2005-01,0.4835192440335047,1.8974024,1.7721519999999995,1669.928,3131.434,1.7772972,1654.4103333333333,3143.793,1.0676452,1657.1946666666663,3147.016,0.0759816365464306,0.0
2005-04-01,1.147383,0.7939579253731343,2005-04,-0.3544225467749569,1.5838722,1.8974024,1749.2016666666666,3109.616,1.7721519999999995,1669.928,3131.434,1.7772972,1654.4103333333333,3143.793,0.0796953488123187,0.0
2005-07-01,1.691636,0.8200916029411766,2005-07,-0.0454340259751983,1.147383,1.5838722,1689.0780000000002,3090.481,1.8974024,1749.2016666666666,3109.616,1.7721519999999995,1669.928,3131.434,0.0900925428915504,0.0
2005-10-01,1.7390316,0.84158021875,2005-10,-0.0834671654257421,1.691636,1.147383,1629.4346666666668,3106.884,1.5838722,1689.0780000000002,3090.481,1.8974024,1749.2016666666666,3109.616,0.0474083544440778,0.0
2006-01-01,1.6836148000000002,0.8318094153846154,2006-01,0.0629738939795774,1.7390316,1.691636,1629.775,3111.883,1.147383,1629.4346666666668,3106.884,1.5838722,1689.0780000000002,3090.481,0.046553589683101,0.0
2006-04-01,2.0223212,0.7950367903225807,2006-04,0.7625511272173284,1.6836148000000002,1.7390316,1607.0383333333332,3117.168,1.691636,1629.775,3111.883,1.147383,1629.4346666666668,3106.884,0.0717072000870881,0.0
2006-07-01,1.5903497999999998,0.7847818769230769,2006-07,-0.059874701176849,2.0223212,1.6836148000000002,1635.532333333333,3146.98,1.7390316,1607.0383333333332,3117.168,1.691636,1629.775,3111.883,0.0576221824143755,0.0
2006-10-01,1.2202344,0.7763037936507937,2006-10,-0.2983253438292897,1.5903497999999998,2.0223212,1690.5403333333334,3185.902,1.6836148000000002,1635.532333333333,3146.98,1.7390316,1607.0383333333332,3117.168,0.032483268373981,0.0
2007-01-01,1.8257162,0.76310078125,2007-01,0.0844025604906775,1.2202344,1.5903497999999998,1691.0019999999995,3208.268,2.0223212,1690.5403333333334,3185.902,1.6836148000000002,1635.532333333333,3146.98,0.0310687113838354,0.0
2007-04-01,2.0305056,0.7417955967741935,2007-04,0.0040470326869936,1.8257162,1.2202344,1719.189333333333,3212.033,1.5903497999999998,1691.0019999999995,3208.268,2.0223212,1690.5403333333334,3185.902,0.0152469995204153,0.0
2007-07-01,2.19174,0.7280084461538462,2007-07,0.3781496372684803,2.0305056,1.8257162,1720.707,3197.8890000000006,1.2202344,1719.189333333333,3212.033,1.5903497999999998,1691.0019999999995,3208.268,0.0141503315456254,0.0
2007-10-01,2.9657498,0.6908656363636364,2007-10,1.4304754889716271,2.19174,2.0305056,1736.4043333333332,3213.295,1.8257162,1720.707,3197.8890000000006,1.2202344,1719.189333333333,3212.033,0.0313638021185008,1.0
2008-01-01,2.8445346,0.6682099032258065,2008-01,0.558037662151434,2.9657498,2.19174,1795.1223333333337,3210.22,2.0305056,1736.4043333333332,3213.295,1.8257162,1720.707,3197.8890000000006,0.0272670629587801,1.0
2008-04-01,2.653271,0.6401335,2008-04,0.3067045961360559,2.8445346,2.9657498,1847.0963333333327,3237.301,2.19174,1795.1223333333337,3210.22,2.0305056,1736.4043333333332,3213.295,0.0276955372140231,1.0
2008-07-01,3.1809346,0.6646573382352942,2008-07,0.451328442242237,2.653271,2.8445346,1930.963333333333,3235.877,2.9657498,1847.0963333333327,3237.301,2.19174,1795.1223333333337,3210.22,0.0816221680284316,1.0
2008-10-01,1.970044,0.7585847272727273,2008-10,-0.3357349294940525,3.1809346,2.653271,1939.505666666667,3250.875,2.8445346,1930.963333333333,3235.877,2.9657498,1847.0963333333327,3237.301,0.1694398633867126,1.0
2009-01-01,0.8606362000000001,0.7680672380952381,2009-01,-0.6974421756022935,1.970044,3.1809346,1839.173,3266.885,2.653271,1939.505666666667,3250.875,2.8445346,1930.963333333333,3235.877,0.1537383926876991,1.0
2009-04-01,0.4626171999999999,0.73480990625,2009-04,-0.8256426878370133,0.8606362000000001,1.970044,1822.9896666666664,3304.5140000000006,3.1809346,1839.173,3266.885,2.653271,1939.505666666667,3250.875,0.1546260709516744,1.0
2009-07-01,-0.3194266,0.6996368823529412,2009-07,-1.1004191032409154,0.4626171999999999,0.8606362000000001,1770.0726666666667,3295.229,1.970044,1822.9896666666664,3304.5140000000006,3.1809346,1839.173,3266.885,0.1763013024963,1.0
2009-10-01,0.2530324,0.6771069701492537,2009-10,-0.8715600260704837,-0.3194266,0.4626171999999999,1825.4406666666664,3292.409,0.8606362000000001,1770.0726666666667,3295.229,1.970044,1822.9896666666664,3304.5140000000006,0.0552134388209006,1.0
2010-01-01,0.8526726,0.723544,2010-02,-0.0092531548173316,0.2530324,-0.3194266,1859.1,3270.173,0.4626171999999999,1825.4406666666664,3292.409,0.8606362000000001,1770.0726666666667,3295.229,0.1104905342224675,1.0
2010-04-01,1.1947704,0.7869026153846155,2010-04,1.5826328982147664,0.8526726,0.2530324,1827.6123333333333,3275.16,-0.3194266,1859.1,3270.173,0.4626171999999999,1825.4406666666664,3292.409,0.1378531357034662,1.0
2010-07-01,1.0539972,0.775981455882353,2010-07,-4.299653817183666,1.1947704,0.8526726,1751.8536666666666,3272.895,0.2530324,1827.6123333333333,3275.16,-0.3194266,1859.1,3270.173,0.1187282579967492,1.0
2010-10-01,1.3287368000000002,0.7364667794117646,2010-11,4.251251618369822,1.0539972,1.1947704,1671.2119999999998,3306.22,0.8526726,1751.8536666666666,3272.895,0.2530324,1827.6123333333333,3275.16,0.1320151506678005,1.0
2011-01-01,1.7362524,0.73140825,2011-01,1.0362474412805105,1.3287368000000002,1.0539972,1769.1806666666664,3327.012,1.1947704,1671.2119999999998,3306.22,0.8526726,1751.8536666666666,3272.895,0.1179698886567167,1.0
2011-04-01,1.9523266,0.6954127692307692,2011-04,0.6340600671057803,1.7362524,1.3287368000000002,1750.6516666666666,3316.721,1.0539972,1769.1806666666664,3327.012,1.1947704,1671.2119999999998,3306.22,0.046212196799518,1.0
2011-07-01,2.1990584,0.7076853382352941,2011-07,1.0863987114956286,1.9523266,1.7362524,1816.2493333333327,3261.207,1.3287368000000002,1750.6516666666666,3316.721,1.0539972,1769.1806666666664,3327.012,0.0671073222029661,1.0
2011-10-01,2.2840892,0.7421305,2011-10,0.718992956317609,2.1990584,1.9523266,1837.7906666666668,3271.521,1.7362524,1816.2493333333327,3261.207,1.3287368000000002,1750.6516666666666,3316.721,0.0826518194846502,1.0
2012-01-01,2.1339258,0.7630430615384616,2012-01,0.2290412384743141,2.2840892,2.1990584,1780.2346666666665,3322.508,1.9523266,1837.7906666666668,3271.521,1.7362524,1816.2493333333327,3261.207,0.0847260268702208,1.0
2012-04-01,1.9149958,0.7807980806451613,2012-04,-0.0191211859736992,2.1339258,2.2840892,1739.2123333333332,3350.686,2.1990584,1780.2346666666665,3322.508,1.9523266,1837.7906666666668,3271.521,0.0270465422948916,1.0
2012-07-01,1.9075884000000003,0.8002310769230769,2012-07,-0.1325430920797737,1.9149958,2.1339258,1776.0413333333331,3354.479,2.2840892,1739.2123333333332,3350.686,2.1990584,1780.2346666666665,3322.508,0.0235841540059625,1.0
2012-10-01,1.9672933999999995,0.7714528787878787,2012-10,-0.1386967724377841,1.9075884000000003,1.9149958,1723.4133333333332,3384.543,2.1339258,1776.0413333333331,3354.479,2.2840892,1739.2123333333332,3350.686,0.0615436168635382,1.0
2013-01-01,1.5839282,0.7574218709677419,2013-01,-0.257739795826078,1.9672933999999995,1.9075884000000003,1755.7083333333333,3395.128,1.9149958,1723.4133333333332,3384.543,2.1339258,1776.0413333333331,3354.479,0.0608384119549535,1.0
2013-04-01,1.3548818,0.7656456190476191,2013-04,-0.2924883699483831,1.5839282,1.9672933999999995,1772.4086666666665,3399.795,1.9075884000000003,1755.7083333333333,3395.128,1.9149958,1723.4133333333332,3384.543,0.0550967694693498,1.0
2013-07-01,1.7637667999999995,0.7556540882352941,2013-07,-0.0753944614047772,1.3548818,1.5839282,1745.2203333333334,3409.893,1.9672933999999995,1772.4086666666665,3399.795,1.9075884000000003,1755.7083333333333,3395.128,0.0386204465973029,0.0
2013-10-01,1.3005338,0.7349105454545454,2013-10,-0.3389222980161473,1.7637667999999995,1.3548818,1767.2743333333335,3450.838,1.5839282,1745.2203333333334,3409.893,1.9672933999999995,1772.4086666666665,3399.795,0.0326718630369438,0.0
2014-01-01,1.2559922,0.7301742063492064,2014-01,-0.2070396877838276,1.3005338,1.7637667999999995,1801.6243333333327,3478.053,1.3548818,1767.2743333333335,3450.838,1.5839282,1745.2203333333334,3409.893,0.0317845664129892,0.0
2014-04-01,1.2077162,0.729276109375,2014-05,-0.1086187739771838,1.2559922,1.3005338,1823.9816666666663,3501.1390000000006,1.7637667999999995,1801.6243333333327,3478.053,1.3548818,1767.2743333333335,3450.838,0.0227063868611826,0.0
2014-07-01,0.855615,0.754042838235294,2014-07,-0.5148933521143497,1.2077162,1.2559922,1824.0383333333327,3519.461,1.3005338,1823.9816666666663,3501.1390000000006,1.7637667999999995,1801.6243333333327,3478.053,0.050984982871983,0.0
2014-10-01,0.6641108,0.8000555454545455,2014-10,-0.4893552170654849,0.855615,1.2077162,1824.8323333333333,3559.557,1.2559922,1824.0383333333327,3519.461,1.3005338,1823.9816666666663,3501.1390000000006,0.0633965424047655,0.0
2015-01-01,-0.0647874,0.8889960952380952,2015-01,-1.0515826451788477,0.6641108,0.855615,1749.0343333333333,3557.645,1.2077162,1824.8323333333333,3559.557,1.2559922,1824.0383333333327,3519.461,0.0947889462801768,0.0
2015-04-01,0.937213,0.905937015625,2015-05,-0.2239791103240976,-0.0647874,0.6641108,1707.7129999999995,3465.832,0.855615,1749.0343333333333,3557.645,1.2077162,1824.8323333333333,3559.557,0.0809849957583599,0.0
2015-07-01,0.7847294,0.8997678823529411,2015-07,-0.0828475424110143,0.937213,-0.0647874,1611.4043333333332,3509.713,0.6641108,1707.7129999999995,3465.832,0.855615,1749.0343333333333,3557.645,0.1031974492223565,0.0
2015-10-01,0.6164332,0.9129721940298507,2015-10,-0.0717916347693787,0.7847294,0.937213,1652.963,3534.929,-0.0647874,1611.4043333333332,3509.713,0.6641108,1707.7129999999995,3465.832,0.1046645127431947,0.0
2016-01-01,0.385974,0.9076488870967742,2016-01,-6.957547300864057,0.6164332,0.7847294,1664.265,3562.043,0.937213,1652.963,3534.929,-0.0647874,1611.4043333333332,3509.713,0.0270225549276151,0.0
2016-04-01,0.0420158,0.8853190746268657,2016-04,-0.9551694225325512,0.385974,0.6164332,1647.7436666666665,3561.926,0.7847294,1664.265,3562.043,0.937213,1652.963,3534.929,0.0321177853568222,0.0
2016-07-01,0.4630254,0.8956828970588235,2016-07,-0.409955329824523,0.0420158,0.385974,1699.429666666667,3610.896,0.6164332,1647.7436666666665,3561.926,0.7847294,1664.265,3562.043,0.0362867258039147,0.0
2016-10-01,0.8667496,0.927317078125,2016-10,0.4060722232352183,0.4630254,0.0420158,1687.12,3638.11,0.385974,1699.429666666667,3610.896,0.6164332,1647.7436666666665,3561.926,0.0510536429052748,0.0
2017-01-01,1.598758,0.9392336923076924,2017-01,3.1421391078155523,0.8667496,0.4630254,1705.8363333333334,3671.521999999999,0.0420158,1687.12,3638.11,0.385974,1699.429666666667,3610.896,0.0495817909869407,0.0
2017-04-01,1.5192438,0.9077415967741936,2017-05,35.1588688064966,1.598758,0.8667496,1664.350333333333,3682.224,0.4630254,1705.8363333333334,3671.521999999999,0.0420158,1687.12,3638.11,0.0577382431863091,0.0
2017-07-01,1.5291474,0.8515865692307693,2017-07,2.302512993887593,1.5192438,1.598758,1690.791,3747.58,0.8667496,1664.350333333333,3682.224,0.4630254,1705.8363333333334,3671.521999999999,0.0879865139193454,0.0
2017-10-01,1.4036558,0.8493925238095239,2017-10,0.6194478774492655,1.5291474,1.5192438,1766.5963333333336,3772.231,1.598758,1690.791,3747.58,0.8667496,1664.350333333333,3682.224,0.0664500116825661,0.0
2018-01-01,1.3425904,0.8136209365079365,2018-01,-0.1602291278605017,1.4036558,1.5291474,1817.1226666666669,3810.557999999999,1.5192438,1766.5963333333336,3772.231,1.598758,1690.791,3747.58,0.0493375892632513,0.0
2018-04-01,1.599668,0.8397209047619048,2018-04,0.0529369940492765,1.3425904,1.4036558,1846.0953333333337,3849.177,1.5291474,1817.1226666666669,3810.557999999999,1.5192438,1766.5963333333336,3772.231,0.083663186864084,0.0
2018-07-01,1.8980562,0.8599860461538462,2018-07,0.2412513012153048,1.599668,1.3425904,1897.0486666666663,3915.261,1.4036558,1846.0953333333337,3849.177,1.5291474,1817.1226666666669,3810.557999999999,0.0669181392027825,0.0
2018-10-01,2.1069744,0.8757130151515151,2018-10,0.501062012496226,1.8980562,1.599668,1859.8813333333333,3983.521999999999,1.3425904,1897.0486666666663,3915.261,1.4036558,1846.0953333333337,3849.177,0.067895088810677,0.0
2019-01-01,1.3661740000000002,0.8804931904761905,2019-01,0.0175657445487471,2.1069744,1.8980562,1876.0356666666669,4039.483,1.599668,1859.8813333333333,3983.521999999999,1.3425904,1897.0486666666663,3915.261,0.0224310663735637,0.0
2019-04-01,1.7798972,0.889950578125,2019-04,0.1126666283253774,1.3661740000000002,2.1069744,1878.0286666666668,4043.399,1.8980562,1876.0356666666669,4039.483,1.599668,1859.8813333333333,3983.521999999999,0.0164488607787591,0.0
2019-07-01,1.4984693999999998,0.8988693235294117,2019-07,-0.2105242194619949,1.7798972,1.3661740000000002,1885.0063333333333,4111.707,2.1069744,1878.0286666666668,4043.399,1.8980562,1876.0356666666669,4039.483,0.010631640603001,0.0
2019-10-01,1.1736082,0.9037218787878788,2019-10,-0.4429888659302172,1.4984693999999998,1.7798972,1928.503,4175.636,1.3661740000000002,1885.0063333333333,4111.707,2.1069744,1878.0286666666668,4043.399,0.005749243995211,0.0
2020-01-01,2.0628916,0.907079546875,2020-01,0.5099772064173376,1.1736082,1.4984693999999998,1902.5116666666663,4220.227,1.7798972,1928.503,4175.636,1.3661740000000002,1885.0063333333333,4111.707,0.0068894635802846,0.0
2020-04-01,0.8843843999999998,0.9083923125,2020-05,-0.503126135599292,2.0628916,1.1736082,1949.2886666666664,4241.926,1.4984693999999998,1902.5116666666663,4220.227,1.7798972,1928.503,4175.636,0.0072629556797074,1.0
2020-07-01,-0.5585238,0.8568643676470588,2020-07,-1.3727295332156937,0.8843843999999998,2.0628916,1954.4076666666667,4300.695,1.1736082,1949.2886666666664,4241.926,1.4984693999999998,1902.5116666666663,4220.227,0.0603316591271546,1.0
2020-10-01,-0.1794395999999999,0.8388679104477612,2020-10,-1.1528956597269857,-0.5585238,0.8843843999999998,2002.6483333333333,4382.248,2.0628916,1954.4076666666667,4300.695,1.1736082,1949.2886666666664,4241.926,0.0560745116761433,1.0
2021-01-01,1.3800664,0.8300923492063491,2021-02,-0.3310039170259843,-0.1794395999999999,-0.5585238,2066.071,4424.673,0.8843843999999998,2002.6483333333333,4382.248,2.0628916,1954.4076666666667,4300.695,0.0501902336701588,1.0
2021-04-01,2.1110782,0.8300578307692308,2021-05,1.3870595184627867,1.3800664,-0.1794395999999999,2135.516,4459.382,-0.5585238,2066.071,4424.673,0.8843843999999998,2002.6483333333333,4382.248,0.0492893028521771,1.0
2021-07-01,3.811434,0.8481445,2021-07,-7.824121013285379,2.1110782,1.3800664,2112.613666666666,4522.173,-0.1794395999999999,2135.516,4459.382,-0.5585238,2066.071,4424.673,0.0365466074860589,0.0
2021-10-01,4.587495,0.8742624264705883,2021-11,-26.56567781024925,3.811434,2.1110782,2141.2433333333333,4557.173,1.3800664,2112.613666666666,4522.173,-0.1794395999999999,2135.516,4459.382,0.0381192090145038,0.0
2022-01-01,4.536509799999999,0.891717171875,2022-01,2.287167776854794,4.587495,3.811434,2137.99,4617.853,2.1110782,2141.2433333333333,4557.173,1.3800664,2112.613666666666,4522.173,0.0260089445737571,0.0
2022-04-01,6.4946166000000005,0.9384336461538462,2022-05,2.076445297005104,4.536509799999999,4.587495,2148.7846666666665,4709.903,3.811434,2137.99,4617.853,2.1110782,2141.2433333333333,4557.173,0.0297528819217082,0.0
2022-07-01,7.110009,0.9923938676470588,2022-07,0.8654419832535469,6.4946166000000005,4.536509799999999,2161.473333333334,4760.881,4.587495,2148.7846666666665,4709.903,3.811434,2137.99,4617.853,0.0355114037419529,0.0
2022-10-01,8.6768778,0.980986203125,2022-10,0.891419565579908,7.110009,6.4946166000000005,2128.664666666667,4817.403,4.536509799999999,2161.473333333334,4760.881,4.587495,2148.7846666666665,4709.903,0.0640772330135477,0.0
2023-01-01,8.406074,0.9320697230769232,2023-01,0.8529826608111817,8.6768778,7.110009,2115.533,4926.568,6.4946166000000005,2128.664666666667,4817.403,4.536509799999999,2161.473333333334,4760.881,0.1037995130287728,0.0
2023-04-01,6.7969172,0.9186344677419356,2023-05,0.0465463350061341,8.406074,8.6768778,2215.088333333333,4957.597,7.110009,2115.533,4926.568,6.4946166000000005,2128.664666666667,4817.403,0.0898086336999571,0.0
2023-07-01,5.8326062,0.9189894153846154,2023-07,-0.179662613647887,6.7969172,8.406074,2243.5336666666667,4972.174,8.6768778,2215.088333333333,4957.597,7.110009,2115.533,4926.568,0.043292993921993,0.0
2023-10-01,3.6484224,0.9303874285714284,2023-10,-0.5795235931523663,5.8326062,6.7969172,2251.737333333333,5003.808,8.406074,2243.5336666666667,4972.174,8.6768778,2215.088333333333,4957.597,0.0539806130903833,0.0
2024-01-01,2.519272,0.9210218253968254,2024-01,-0.7003033758684494,3.6484224,5.8326062,2223.8356666666664,5020.222,6.7969172,2251.737333333333,5003.808,8.406074,2243.5336666666667,4972.174,0.0239140583319096,0.0
2024-04-01,2.229846,0.9278103617021276,2024-04,-0.6719327403311607,2.519272,3.6484224,2271.0223333333333,5028.972,5.8326062,2223.8356666666664,5020.222,6.7969172,2251.737333333333,5003.808,0.0194650593313671,0.0
